{
    "startedAt": 1689734689402,
    "gridSize": 5,
    "nThreads": 4,
    "nSplits": 5,
    "metric": "ROC_AUC",
    "timeout": null,
    "gridPoints": [
        {
            "finishedAt": 1689734689678,
            "score": 0.9814552684217318,
            "testScoreGibMean": 0.9814552684217318,
            "testScoreMean": 0.9814552684217318,
            "testScoreStd": 0.00976974997343675,
            "trainScoreMean": 0.9793589608163107,
            "trainScoreStd": 0.0017905485477823224,
            "time": 475,
            "fitTimeMean": 29.8,
            "fitTimeStd": 43.60458691468135,
            "scoreTimeMean": 65.2,
            "scoreTimeStd": 44.89276110911424,
            "parameters": {
                "C": 0.1,
                "penalty": "l2"
            }
        },
        {
            "finishedAt": 1689734690050,
            "score": 0.996994235815374,
            "testScoreGibMean": 0.996994235815374,
            "testScoreMean": 0.996994235815374,
            "testScoreStd": 0.0024993106092597328,
            "trainScoreMean": 0.9990185460397016,
            "trainScoreStd": 0.000500494629132245,
            "time": 423,
            "fitTimeMean": 22.8,
            "fitTimeStd": 11.7881296226331,
            "scoreTimeMean": 61.8,
            "scoreTimeStd": 40.25617964983761,
            "parameters": {
                "C": 10.0,
                "penalty": "l2"
            }
        },
        {
            "finishedAt": 1689734689901,
            "score": 0.9584281036262745,
            "testScoreGibMean": 0.9584281036262745,
            "testScoreMean": 0.9584281036262745,
            "testScoreStd": 0.01195450611852918,
            "trainScoreMean": 0.9568284962830211,
            "trainScoreStd": 0.0030502599187148495,
            "time": 261,
            "fitTimeMean": 19.0,
            "fitTimeStd": 22.503333086456326,
            "scoreTimeMean": 33.2,
            "scoreTimeStd": 16.975276139138355,
            "parameters": {
                "C": 0.01,
                "penalty": "l2"
            }
        },
        {
            "finishedAt": 1689734690336,
            "score": 0.9970856454596292,
            "testScoreGibMean": 0.9970856454596292,
            "testScoreMean": 0.9970856454596292,
            "testScoreStd": 0.003794009896767474,
            "trainScoreMean": 0.9977345614256621,
            "trainScoreStd": 0.0004725300751181975,
            "time": 464,
            "fitTimeMean": 27.4,
            "fitTimeStd": 23.720033726788838,
            "scoreTimeMean": 65.4,
            "scoreTimeStd": 44.28363128741815,
            "parameters": {
                "C": 1.0,
                "penalty": "l2"
            }
        },
        {
            "finishedAt": 1689734690494,
            "score": 0.9980266270916678,
            "testScoreGibMean": 0.9980266270916678,
            "testScoreMean": 0.9980266270916678,
            "testScoreStd": 0.0024340467363099284,
            "trainScoreMean": 0.9988930818220966,
            "trainScoreStd": 0.0006957495763105576,
            "time": 309,
            "fitTimeMean": 25.0,
            "fitTimeStd": 3.847076812334269,
            "scoreTimeMean": 36.8,
            "scoreTimeStd": 21.8577217477028,
            "parameters": {
                "C": 100.0,
                "penalty": "l2"
            }
        }
    ]
}