[
    {
        "test_score_gib": 0.9785879629629629,
        "train_score": 0.9807098765432098,
        "test_score": 0.9785879629629629,
        "num_samples": 25,
        "fit_time": 117,
        "score_time": 137,
        "time": 254,
        "parameters": {
            "C": 0.1,
            "penalty": "l2"
        },
        "done_at": 1689734689678,
        "split_id": 0
    },
    {
        "test_score_gib": 0.9675925925925926,
        "train_score": 0.9813850308641975,
        "test_score": 0.9675925925925926,
        "num_samples": 25,
        "fit_time": 7,
        "score_time": 27,
        "time": 34,
        "parameters": {
            "C": 0.1,
            "penalty": "l2"
        },
        "done_at": 1689734689480,
        "split_id": 1
    },
    {
        "test_score_gib": 0.9930555555555556,
        "train_score": 0.9773726851851852,
        "test_score": 0.9930555555555556,
        "num_samples": 25,
        "fit_time": 8,
        "score_time": 45,
        "time": 53,
        "parameters": {
            "C": 0.1,
            "penalty": "l2"
        },
        "done_at": 1689734689535,
        "split_id": 2
    },
    {
        "test_score_gib": 0.9920634920634921,
        "train_score": 0.9802307347670249,
        "test_score": 0.9920634920634921,
        "num_samples": 24,
        "fit_time": 8,
        "score_time": 97,
        "time": 105,
        "parameters": {
            "C": 0.1,
            "penalty": "l2"
        },
        "done_at": 1689734689661,
        "split_id": 3
    },
    {
        "test_score_gib": 0.9761904761904763,
        "train_score": 0.9770385304659498,
        "test_score": 0.9761904761904763,
        "num_samples": 24,
        "fit_time": 9,
        "score_time": 20,
        "time": 29,
        "parameters": {
            "C": 0.1,
            "penalty": "l2"
        },
        "done_at": 1689734689653,
        "split_id": 4
    },
    {
        "test_score_gib": 1.0,
        "train_score": 0.9984567901234567,
        "test_score": 1.0,
        "num_samples": 25,
        "fit_time": 16,
        "score_time": 71,
        "time": 87,
        "parameters": {
            "C": 10.0,
            "penalty": "l2"
        },
        "done_at": 1689734689955,
        "split_id": 0
    },
    {
        "test_score_gib": 0.9953703703703703,
        "train_score": 0.9996913580246913,
        "test_score": 0.9953703703703703,
        "num_samples": 25,
        "fit_time": 15,
        "score_time": 23,
        "time": 38,
        "parameters": {
            "C": 10.0,
            "penalty": "l2"
        },
        "done_at": 1689734689900,
        "split_id": 1
    },
    {
        "test_score_gib": 1.0,
        "train_score": 0.9984567901234567,
        "test_score": 1.0,
        "num_samples": 25,
        "fit_time": 16,
        "score_time": 132,
        "time": 148,
        "parameters": {
            "C": 10.0,
            "penalty": "l2"
        },
        "done_at": 1689734690050,
        "split_id": 2
    },
    {
        "test_score_gib": 0.9947089947089947,
        "train_score": 0.9991039426523296,
        "test_score": 0.9947089947089947,
        "num_samples": 24,
        "fit_time": 46,
        "score_time": 22,
        "time": 68,
        "parameters": {
            "C": 10.0,
            "penalty": "l2"
        },
        "done_at": 1689734690018,
        "split_id": 3
    },
    {
        "test_score_gib": 0.9947089947089947,
        "train_score": 0.9994026284348865,
        "test_score": 0.9947089947089947,
        "num_samples": 24,
        "fit_time": 21,
        "score_time": 61,
        "time": 82,
        "parameters": {
            "C": 10.0,
            "penalty": "l2"
        },
        "done_at": 1689734690038,
        "split_id": 4
    },
    {
        "test_score_gib": 0.9693287037037037,
        "train_score": 0.9560185185185184,
        "test_score": 0.9693287037037037,
        "num_samples": 25,
        "fit_time": 64,
        "score_time": 18,
        "time": 82,
        "parameters": {
            "C": 0.01,
            "penalty": "l2"
        },
        "done_at": 1689734689768,
        "split_id": 0
    },
    {
        "test_score_gib": 0.9375,
        "train_score": 0.9623456790123456,
        "test_score": 0.9375,
        "num_samples": 25,
        "fit_time": 8,
        "score_time": 21,
        "time": 29,
        "parameters": {
            "C": 0.01,
            "penalty": "l2"
        },
        "done_at": 1689734689714,
        "split_id": 1
    },
    {
        "test_score_gib": 0.9699074074074074,
        "train_score": 0.9530671296296296,
        "test_score": 0.9699074074074074,
        "num_samples": 25,
        "fit_time": 8,
        "score_time": 45,
        "time": 53,
        "parameters": {
            "C": 0.01,
            "penalty": "l2"
        },
        "done_at": 1689734689797,
        "split_id": 2
    },
    {
        "test_score_gib": 0.9603174603174602,
        "train_score": 0.956149193548387,
        "test_score": 0.9603174603174602,
        "num_samples": 24,
        "fit_time": 7,
        "score_time": 21,
        "time": 28,
        "parameters": {
            "C": 0.01,
            "penalty": "l2"
        },
        "done_at": 1689734689810,
        "split_id": 3
    },
    {
        "test_score_gib": 0.955026455026455,
        "train_score": 0.9565225507765831,
        "test_score": 0.955026455026455,
        "num_samples": 24,
        "fit_time": 8,
        "score_time": 61,
        "time": 69,
        "parameters": {
            "C": 0.01,
            "penalty": "l2"
        },
        "done_at": 1689734689901,
        "split_id": 4
    },
    {
        "test_score_gib": 1.0,
        "train_score": 0.9969135802469136,
        "test_score": 1.0,
        "num_samples": 25,
        "fit_time": 11,
        "score_time": 98,
        "time": 109,
        "parameters": {
            "C": 1.0,
            "penalty": "l2"
        },
        "done_at": 1689734690166,
        "split_id": 0
    },
    {
        "test_score_gib": 0.9907407407407407,
        "train_score": 0.9979938271604938,
        "test_score": 0.9907407407407407,
        "num_samples": 25,
        "fit_time": 13,
        "score_time": 48,
        "time": 61,
        "parameters": {
            "C": 1.0,
            "penalty": "l2"
        },
        "done_at": 1689734690140,
        "split_id": 1
    },
    {
        "test_score_gib": 1.0,
        "train_score": 0.9975308641975308,
        "test_score": 1.0,
        "num_samples": 25,
        "fit_time": 24,
        "score_time": 135,
        "time": 159,
        "parameters": {
            "C": 1.0,
            "penalty": "l2"
        },
        "done_at": 1689734690336,
        "split_id": 2
    },
    {
        "test_score_gib": 1.0,
        "train_score": 0.9980585424133812,
        "test_score": 1.0,
        "num_samples": 24,
        "fit_time": 74,
        "score_time": 23,
        "time": 97,
        "parameters": {
            "C": 1.0,
            "penalty": "l2"
        },
        "done_at": 1689734690290,
        "split_id": 3
    },
    {
        "test_score_gib": 0.9947089947089947,
        "train_score": 0.9982078853046594,
        "test_score": 0.9947089947089947,
        "num_samples": 24,
        "fit_time": 15,
        "score_time": 23,
        "time": 38,
        "parameters": {
            "C": 1.0,
            "penalty": "l2"
        },
        "done_at": 1689734690259,
        "split_id": 4
    },
    {
        "test_score_gib": 1.0,
        "train_score": 0.9981481481481481,
        "test_score": 1.0,
        "num_samples": 25,
        "fit_time": 25,
        "score_time": 77,
        "time": 102,
        "parameters": {
            "C": 100.0,
            "penalty": "l2"
        },
        "done_at": 1689734690405,
        "split_id": 0
    },
    {
        "test_score_gib": 0.9953703703703703,
        "train_score": 0.9996913580246913,
        "test_score": 0.9953703703703703,
        "num_samples": 25,
        "fit_time": 24,
        "score_time": 35,
        "time": 59,
        "parameters": {
            "C": 100.0,
            "penalty": "l2"
        },
        "done_at": 1689734690404,
        "split_id": 1
    },
    {
        "test_score_gib": 1.0,
        "train_score": 0.9981481481481481,
        "test_score": 1.0,
        "num_samples": 25,
        "fit_time": 19,
        "score_time": 21,
        "time": 40,
        "parameters": {
            "C": 100.0,
            "penalty": "l2"
        },
        "done_at": 1689734690453,
        "split_id": 2
    },
    {
        "test_score_gib": 1.0,
        "train_score": 0.9988052568697731,
        "test_score": 1.0,
        "num_samples": 24,
        "fit_time": 31,
        "score_time": 37,
        "time": 68,
        "parameters": {
            "C": 100.0,
            "penalty": "l2"
        },
        "done_at": 1689734690475,
        "split_id": 3
    },
    {
        "test_score_gib": 0.9947089947089947,
        "train_score": 0.9997013142174432,
        "test_score": 0.9947089947089947,
        "num_samples": 24,
        "fit_time": 26,
        "score_time": 14,
        "time": 40,
        "parameters": {
            "C": 100.0,
            "penalty": "l2"
        },
        "done_at": 1689734690494,
        "split_id": 4
    }
]