{
    "modelInputNRows": 123,
    "modelInputNCols": 4,
    "modelInputIsSparse": false,
    "modelInputMemory": 3936,
    "usedGridSearch": true,
    "gridSize": 5,
    "gridBestScore": 0.9980266270916678,
    "gridCells": [
        {
            "params": {
                "C": 0.1,
                "penalty": "l2"
            },
            "score": 0.9814552684217318,
            "scoreStd": 0.00976974997343675,
            "fitTime": 0.0298,
            "fitTimeStd": 0.043604586914681345,
            "scoreTime": 0.06520000000000001,
            "scoreTimeStd": 0.04489276110911424
        },
        {
            "params": {
                "C": 0.01,
                "penalty": "l2"
            },
            "score": 0.9584281036262745,
            "scoreStd": 0.01195450611852918,
            "fitTime": 0.019,
            "fitTimeStd": 0.022503333086456325,
            "scoreTime": 0.0332,
            "scoreTimeStd": 0.016975276139138355
        },
        {
            "params": {
                "C": 10.0,
                "penalty": "l2"
            },
            "score": 0.996994235815374,
            "scoreStd": 0.0024993106092597328,
            "fitTime": 0.0228,
            "fitTimeStd": 0.011788129622633101,
            "scoreTime": 0.061799999999999994,
            "scoreTimeStd": 0.04025617964983761
        },
        {
            "params": {
                "C": 1.0,
                "penalty": "l2"
            },
            "score": 0.9970856454596292,
            "scoreStd": 0.003794009896767474,
            "fitTime": 0.027399999999999997,
            "fitTimeStd": 0.02372003372678884,
            "scoreTime": 0.0654,
            "scoreTimeStd": 0.044283631287418156
        },
        {
            "params": {
                "C": 100.0,
                "penalty": "l2"
            },
            "score": 0.9980266270916678,
            "scoreStd": 0.0024340467363099284,
            "fitTime": 0.025,
            "fitTimeStd": 0.003847076812334269,
            "scoreTime": 0.0368,
            "scoreTimeStd": 0.0218577217477028
        }
    ],
    "probaAware": true
}