{
  "state": "DONE",
  "postSearchDescription": {
    "importantParams": [
      {
        "name": "C",
        "val": "100.0"
      },
      {
        "name": "penalty",
        "val": "l2"
      }
    ]
  },
  "resumed": false,
  "timeOrderingEnabled": false,
  "sampleWeightsEnabled": false,
  "progress": {
    "top_level_todo": [],
    "stack": [],
    "top_level_done": [
      {
        "name": "Loading train set",
        "time": 6
      },
      {
        "name": "Loading test set",
        "time": 15
      },
      {
        "name": "Collecting preprocessing data",
        "time": 15
      },
      {
        "name": "Preprocessing train set",
        "time": 36
      },
      {
        "name": "Preprocessing test set",
        "time": 32
      },
      {
        "name": "Hyperparameter searching",
        "time": 2104
      },
      {
        "name": "Fitting model",
        "time": 26
      },
      {
        "name": "Saving model",
        "time": 12
      },
      {
        "name": "Scoring model",
        "time": 66
      },
      {
        "name": "Preparing explainability",
        "time": 345
      }
    ]
  },
  "startTime": 1689734689256,
  "endTime": 1689734691915,
  "preprocessingTime": 0,
  "trainingTime": 2659,
  "hyperparamsSearchTime": 2104,
  "pythonVersion": "3.9.16"
}