{
  "type": "STANDARD",
  "hasLegacyBackendURL": false,
  "params": {
    "backendEnabled": true,
    "enableJavascriptModules": false,
    "autoStartBackend": false,
    "hideJSSecurityPanel": false,
    "envSelection": {
      "envMode": "INHERIT"
    },
    "nbProcesses": 1,
    "libraries": [
      "jquery",
      "dataiku"
    ],
    "runAs": "admin",
    "infra": {
      "containerSelection": {
        "containerMode": "EXPLICIT_CONTAINER",
        "containerConf": "eks-Webapp"
      },
      "overrideGlobalK8sExposition": false,
      "exposition": {
        "type": "local_process",
        "params": {}
      },
      "scaling": {
        "initialReplicas": 1,
        "progressDeadlineSeconds": 600,
        "hpa": false,
        "hpaTargetCPUPercent": 0,
        "hpaMetrics": [],
        "hpaMinPods": 0,
        "hpaMaxPods": 0,
        "hpaAnnotations": []
      },
      "deploymentModifier": {
        "config": {}
      }
    },
    "forceAuthentication": false
  },
  "config": {},
  "name": "Containerized Webapp Test",
  "apiKey": "dummyKey_ues5Da0e90b7dCnFYNzBg8xBZXhKpMX8",
  "creationTag": {
    "versionNumber": 0,
    "lastModifiedBy": {
      "login": "ivan.gomez"
    },
    "lastModifiedOn": 1686764063255,
    "extendedProperties": {}
  },
  "tags": [],
  "checklists": {
    "checklists": []
  },
  "customFields": {},
  "isVirtual": false
}