{
    "startedAt": 1691174560122,
    "gridSize": 5,
    "nThreads": 4,
    "nSplits": 5,
    "metric": "ROC_AUC",
    "timeout": null,
    "gridPoints": [
        {
            "finishedAt": 1691174560305,
            "score": 0.9814552684217318,
            "testScoreGibMean": 0.9814552684217318,
            "testScoreMean": 0.9814552684217318,
            "testScoreStd": 0.00976974997343675,
            "trainScoreMean": 0.9793589608163107,
            "trainScoreStd": 0.0017905485477823224,
            "time": 236,
            "fitTimeMean": 25.8,
            "fitTimeStd": 27.12489631316588,
            "scoreTimeMean": 21.4,
            "scoreTimeStd": 1.0198039027185568,
            "parameters": {
                "C": 0.1,
                "penalty": "l2"
            }
        },
        {
            "finishedAt": 1691174560464,
            "score": 0.9584281036262745,
            "testScoreGibMean": 0.9584281036262745,
            "testScoreMean": 0.9584281036262745,
            "testScoreStd": 0.01195450611852918,
            "trainScoreMean": 0.9568284962830211,
            "trainScoreStd": 0.0030502599187148495,
            "time": 456,
            "fitTimeMean": 14.0,
            "fitTimeStd": 6.511528238439882,
            "scoreTimeMean": 77.2,
            "scoreTimeStd": 31.00580590792634,
            "parameters": {
                "C": 0.01,
                "penalty": "l2"
            }
        },
        {
            "finishedAt": 1691174560662,
            "score": 0.996994235815374,
            "testScoreGibMean": 0.996994235815374,
            "testScoreMean": 0.996994235815374,
            "testScoreStd": 0.0024993106092597328,
            "trainScoreMean": 0.9990185460397016,
            "trainScoreStd": 0.000500494629132245,
            "time": 659,
            "fitTimeMean": 27.0,
            "fitTimeStd": 6.841052550594828,
            "scoreTimeMean": 104.8,
            "scoreTimeStd": 16.678129391511508,
            "parameters": {
                "C": 10.0,
                "penalty": "l2"
            }
        },
        {
            "finishedAt": 1691174560901,
            "score": 0.9970856454596292,
            "testScoreGibMean": 0.9970856454596292,
            "testScoreMean": 0.9970856454596292,
            "testScoreStd": 0.003794009896767474,
            "trainScoreMean": 0.9977345614256621,
            "trainScoreStd": 0.0004725300751181975,
            "time": 619,
            "fitTimeMean": 22.0,
            "fitTimeStd": 4.33589667773576,
            "scoreTimeMean": 101.8,
            "scoreTimeStd": 25.685793738952277,
            "parameters": {
                "C": 1.0,
                "penalty": "l2"
            }
        },
        {
            "finishedAt": 1691174560977,
            "score": 0.9980266270916678,
            "testScoreGibMean": 0.9980266270916678,
            "testScoreMean": 0.9980266270916678,
            "testScoreStd": 0.0024340467363099284,
            "trainScoreMean": 0.9988930818220966,
            "trainScoreStd": 0.0006957495763105576,
            "time": 505,
            "fitTimeMean": 34.8,
            "fitTimeStd": 9.6,
            "scoreTimeMean": 66.2,
            "scoreTimeStd": 37.99684197403779,
            "parameters": {
                "C": 100.0,
                "penalty": "l2"
            }
        }
    ]
}