[
    {
        "test_score_gib": 0.9785879629629629,
        "train_score": 0.9807098765432098,
        "test_score": 0.9785879629629629,
        "num_samples": 25,
        "fit_time": 9,
        "score_time": 23,
        "time": 32,
        "parameters": {
            "C": 0.1,
            "penalty": "l2"
        },
        "done_at": 1691174560163,
        "split_id": 0
    },
    {
        "test_score_gib": 0.9675925925925926,
        "train_score": 0.9813850308641975,
        "test_score": 0.9675925925925926,
        "num_samples": 25,
        "fit_time": 7,
        "score_time": 21,
        "time": 28,
        "parameters": {
            "C": 0.1,
            "penalty": "l2"
        },
        "done_at": 1691174560193,
        "split_id": 1
    },
    {
        "test_score_gib": 0.9930555555555556,
        "train_score": 0.9773726851851852,
        "test_score": 0.9930555555555556,
        "num_samples": 25,
        "fit_time": 8,
        "score_time": 22,
        "time": 30,
        "parameters": {
            "C": 0.1,
            "penalty": "l2"
        },
        "done_at": 1691174560224,
        "split_id": 2
    },
    {
        "test_score_gib": 0.9920634920634921,
        "train_score": 0.9802307347670249,
        "test_score": 0.9920634920634921,
        "num_samples": 24,
        "fit_time": 27,
        "score_time": 21,
        "time": 48,
        "parameters": {
            "C": 0.1,
            "penalty": "l2"
        },
        "done_at": 1691174560305,
        "split_id": 3
    },
    {
        "test_score_gib": 0.9761904761904763,
        "train_score": 0.9770385304659498,
        "test_score": 0.9761904761904763,
        "num_samples": 24,
        "fit_time": 78,
        "score_time": 20,
        "time": 98,
        "parameters": {
            "C": 0.1,
            "penalty": "l2"
        },
        "done_at": 1691174560305,
        "split_id": 4
    },
    {
        "test_score_gib": 0.9693287037037037,
        "train_score": 0.9560185185185184,
        "test_score": 0.9693287037037037,
        "num_samples": 25,
        "fit_time": 7,
        "score_time": 21,
        "time": 28,
        "parameters": {
            "C": 0.01,
            "penalty": "l2"
        },
        "done_at": 1691174560305,
        "split_id": 0
    },
    {
        "test_score_gib": 0.9375,
        "train_score": 0.9623456790123456,
        "test_score": 0.9375,
        "num_samples": 25,
        "fit_time": 7,
        "score_time": 67,
        "time": 74,
        "parameters": {
            "C": 0.01,
            "penalty": "l2"
        },
        "done_at": 1691174560382,
        "split_id": 1
    },
    {
        "test_score_gib": 0.9699074074074074,
        "train_score": 0.9530671296296296,
        "test_score": 0.9699074074074074,
        "num_samples": 25,
        "fit_time": 21,
        "score_time": 106,
        "time": 127,
        "parameters": {
            "C": 0.01,
            "penalty": "l2"
        },
        "done_at": 1691174560451,
        "split_id": 2
    },
    {
        "test_score_gib": 0.9603174603174602,
        "train_score": 0.956149193548387,
        "test_score": 0.9603174603174602,
        "num_samples": 24,
        "fit_time": 13,
        "score_time": 94,
        "time": 107,
        "parameters": {
            "C": 0.01,
            "penalty": "l2"
        },
        "done_at": 1691174560433,
        "split_id": 3
    },
    {
        "test_score_gib": 0.955026455026455,
        "train_score": 0.9565225507765831,
        "test_score": 0.955026455026455,
        "num_samples": 24,
        "fit_time": 22,
        "score_time": 98,
        "time": 120,
        "parameters": {
            "C": 0.01,
            "penalty": "l2"
        },
        "done_at": 1691174560464,
        "split_id": 4
    },
    {
        "test_score_gib": 1.0,
        "train_score": 0.9984567901234567,
        "test_score": 1.0,
        "num_samples": 25,
        "fit_time": 27,
        "score_time": 113,
        "time": 140,
        "parameters": {
            "C": 10.0,
            "penalty": "l2"
        },
        "done_at": 1691174560528,
        "split_id": 0
    },
    {
        "test_score_gib": 0.9953703703703703,
        "train_score": 0.9996913580246913,
        "test_score": 0.9953703703703703,
        "num_samples": 25,
        "fit_time": 22,
        "score_time": 131,
        "time": 153,
        "parameters": {
            "C": 10.0,
            "penalty": "l2"
        },
        "done_at": 1691174560595,
        "split_id": 1
    },
    {
        "test_score_gib": 1.0,
        "train_score": 0.9984567901234567,
        "test_score": 1.0,
        "num_samples": 25,
        "fit_time": 25,
        "score_time": 86,
        "time": 111,
        "parameters": {
            "C": 10.0,
            "penalty": "l2"
        },
        "done_at": 1691174560582,
        "split_id": 2
    },
    {
        "test_score_gib": 0.9947089947089947,
        "train_score": 0.9991039426523296,
        "test_score": 0.9947089947089947,
        "num_samples": 24,
        "fit_time": 40,
        "score_time": 88,
        "time": 128,
        "parameters": {
            "C": 10.0,
            "penalty": "l2"
        },
        "done_at": 1691174560603,
        "split_id": 3
    },
    {
        "test_score_gib": 0.9947089947089947,
        "train_score": 0.9994026284348865,
        "test_score": 0.9947089947089947,
        "num_samples": 24,
        "fit_time": 21,
        "score_time": 106,
        "time": 127,
        "parameters": {
            "C": 10.0,
            "penalty": "l2"
        },
        "done_at": 1691174560662,
        "split_id": 4
    },
    {
        "test_score_gib": 1.0,
        "train_score": 0.9969135802469136,
        "test_score": 1.0,
        "num_samples": 25,
        "fit_time": 23,
        "score_time": 109,
        "time": 132,
        "parameters": {
            "C": 1.0,
            "penalty": "l2"
        },
        "done_at": 1691174560720,
        "split_id": 0
    },
    {
        "test_score_gib": 0.9907407407407407,
        "train_score": 0.9979938271604938,
        "test_score": 0.9907407407407407,
        "num_samples": 25,
        "fit_time": 14,
        "score_time": 107,
        "time": 121,
        "parameters": {
            "C": 1.0,
            "penalty": "l2"
        },
        "done_at": 1691174560736,
        "split_id": 1
    },
    {
        "test_score_gib": 1.0,
        "train_score": 0.9975308641975308,
        "test_score": 1.0,
        "num_samples": 25,
        "fit_time": 24,
        "score_time": 92,
        "time": 116,
        "parameters": {
            "C": 1.0,
            "penalty": "l2"
        },
        "done_at": 1691174560739,
        "split_id": 2
    },
    {
        "test_score_gib": 1.0,
        "train_score": 0.9980585424133812,
        "test_score": 1.0,
        "num_samples": 24,
        "fit_time": 22,
        "score_time": 61,
        "time": 83,
        "parameters": {
            "C": 1.0,
            "penalty": "l2"
        },
        "done_at": 1691174560756,
        "split_id": 3
    },
    {
        "test_score_gib": 0.9947089947089947,
        "train_score": 0.9982078853046594,
        "test_score": 0.9947089947089947,
        "num_samples": 24,
        "fit_time": 27,
        "score_time": 140,
        "time": 167,
        "parameters": {
            "C": 1.0,
            "penalty": "l2"
        },
        "done_at": 1691174560901,
        "split_id": 4
    },
    {
        "test_score_gib": 1.0,
        "train_score": 0.9981481481481481,
        "test_score": 1.0,
        "num_samples": 25,
        "fit_time": 35,
        "score_time": 117,
        "time": 152,
        "parameters": {
            "C": 100.0,
            "penalty": "l2"
        },
        "done_at": 1691174560904,
        "split_id": 0
    },
    {
        "test_score_gib": 0.9953703703703703,
        "train_score": 0.9996913580246913,
        "test_score": 0.9953703703703703,
        "num_samples": 25,
        "fit_time": 45,
        "score_time": 86,
        "time": 131,
        "parameters": {
            "C": 100.0,
            "penalty": "l2"
        },
        "done_at": 1691174560906,
        "split_id": 1
    },
    {
        "test_score_gib": 1.0,
        "train_score": 0.9981481481481481,
        "test_score": 1.0,
        "num_samples": 25,
        "fit_time": 45,
        "score_time": 83,
        "time": 128,
        "parameters": {
            "C": 100.0,
            "penalty": "l2"
        },
        "done_at": 1691174560893,
        "split_id": 2
    },
    {
        "test_score_gib": 1.0,
        "train_score": 0.9988052568697731,
        "test_score": 1.0,
        "num_samples": 24,
        "fit_time": 20,
        "score_time": 31,
        "time": 51,
        "parameters": {
            "C": 100.0,
            "penalty": "l2"
        },
        "done_at": 1691174560956,
        "split_id": 3
    },
    {
        "test_score_gib": 0.9947089947089947,
        "train_score": 0.9997013142174432,
        "test_score": 0.9947089947089947,
        "num_samples": 24,
        "fit_time": 29,
        "score_time": 14,
        "time": 43,
        "parameters": {
            "C": 100.0,
            "penalty": "l2"
        },
        "done_at": 1691174560977,
        "split_id": 4
    }
]