{
    "modelInputNRows": 123,
    "modelInputNCols": 4,
    "modelInputIsSparse": false,
    "modelInputMemory": 3936,
    "usedGridSearch": true,
    "gridSize": 5,
    "gridBestScore": 0.9980266270916678,
    "gridCells": [
        {
            "params": {
                "C": 0.1,
                "penalty": "l2"
            },
            "score": 0.9814552684217318,
            "scoreStd": 0.00976974997343675,
            "fitTime": 0.0258,
            "fitTimeStd": 0.02712489631316588,
            "scoreTime": 0.0214,
            "scoreTimeStd": 0.0010198039027185567
        },
        {
            "params": {
                "C": 0.01,
                "penalty": "l2"
            },
            "score": 0.9584281036262745,
            "scoreStd": 0.01195450611852918,
            "fitTime": 0.014,
            "fitTimeStd": 0.006511528238439882,
            "scoreTime": 0.0772,
            "scoreTimeStd": 0.03100580590792634
        },
        {
            "params": {
                "C": 10.0,
                "penalty": "l2"
            },
            "score": 0.996994235815374,
            "scoreStd": 0.0024993106092597328,
            "fitTime": 0.027,
            "fitTimeStd": 0.006841052550594828,
            "scoreTime": 0.10479999999999999,
            "scoreTimeStd": 0.016678129391511507
        },
        {
            "params": {
                "C": 1.0,
                "penalty": "l2"
            },
            "score": 0.9970856454596292,
            "scoreStd": 0.003794009896767474,
            "fitTime": 0.022,
            "fitTimeStd": 0.0043358966777357595,
            "scoreTime": 0.1018,
            "scoreTimeStd": 0.025685793738952276
        },
        {
            "params": {
                "C": 100.0,
                "penalty": "l2"
            },
            "score": 0.9980266270916678,
            "scoreStd": 0.0024340467363099284,
            "fitTime": 0.0348,
            "fitTimeStd": 0.0096,
            "scoreTime": 0.06620000000000001,
            "scoreTimeStd": 0.03799684197403779
        }
    ],
    "probaAware": true
}