{
  "starred": false,
  "clusterMetas": {},
  "customMeta": {
    "kv": {}
  },
  "tags": [],
  "activeClassifierThreshold": 0.0,
  "name": "Logistic Regression (s1) - v4",
  "labels": [
    {
      "key": "trainDataset:dataset-name",
      "value": "iris"
    },
    {
      "key": "model:name",
      "value": "Logistic Regression (s1) - v4"
    },
    {
      "key": "testDataset:dataset-name",
      "value": "iris"
    },
    {
      "key": "model:algorithm",
      "value": "LOGISTIC_REGRESSION"
    },
    {
      "key": "model:date",
      "value": "2023-08-04T18:42:41.450+0000"
    },
    {
      "key": "evaluationDataset:dataset-name",
      "value": "iris"
    },
    {
      "key": "evaluation:date",
      "value": "2023-08-04T18:42:41.450+0000"
    }
  ]
}