{
  "type": "step_based",
  "name": "Maintenance Jobs",
  "active": false,
  "runAsUser": "admin",
  "creationTag": {
    "versionNumber": 6,
    "lastModifiedBy": {
      "login": "ivan.gomez"
    },
    "lastModifiedOn": 1694631780430,
    "extendedProperties": {}
  },
  "checklists": {
    "checklists": []
  },
  "delayedTriggersBehavior": {
    "delayWhileRunning": true,
    "squashDelayedTriggers": true,
    "suppressTriggersWhileRunning": true
  },
  "tags": [],
  "triggers": [
    {
      "id": "DyttNOMv",
      "type": "temporal",
      "name": "Time-based",
      "delay": 5,
      "active": true,
      "params": {
        "repeatFrequency": 2,
        "frequency": "Hourly",
        "startingFrom": "2023-09-13",
        "daysOfWeek": [
          "Wednesday"
        ],
        "monthlyRunOn": "ON_THE_DAY",
        "minute": 0,
        "hour": 0,
        "timezone": "UTC",
        "lastUpdate": 1694631780430
      }
    }
  ],
  "reporters": [],
  "params": {
    "steps": [
      {
        "id": "runmacro_pyrunnable_builtin-macros_clear-job-logs",
        "type": "runnable",
        "name": "Clear Job Logs",
        "runConditionType": "RUN_ALWAYS",
        "runConditionStatuses": [
          "SUCCESS",
          "WARNING"
        ],
        "runConditionExpression": "",
        "resetScenarioStatus": true,
        "delayBetweenRetries": 30,
        "maxRetriesOnFail": 1,
        "params": {
          "runnableType": "pyrunnable_builtin-macros_clear-job-logs",
          "config": {
            "age": 15,
            "performDeletion": true
          },
          "adminConfig": {
            "allProjects": true
          },
          "proceedOnFailure": false
        }
      },
      {
        "id": "runmacro_pyrunnable_builtin-macros_clear-scenario-logs",
        "type": "runnable",
        "name": "Clear Scenario Logs",
        "runConditionType": "RUN_ALWAYS",
        "runConditionStatuses": [
          "SUCCESS",
          "WARNING"
        ],
        "runConditionExpression": "",
        "resetScenarioStatus": true,
        "delayBetweenRetries": 30,
        "maxRetriesOnFail": 1,
        "params": {
          "runnableType": "pyrunnable_builtin-macros_clear-scenario-logs",
          "config": {
            "age": 15,
            "performDeletion": true
          },
          "adminConfig": {
            "allProjects": true
          },
          "proceedOnFailure": false
        }
      },
      {
        "id": "runmacro_pyrunnable_builtin-macros_kill-jupyter-sessions",
        "type": "runnable",
        "name": "Kill Idle Jupyter Sessions",
        "runConditionType": "RUN_ALWAYS",
        "runConditionStatuses": [
          "SUCCESS",
          "WARNING"
        ],
        "runConditionExpression": "",
        "resetScenarioStatus": true,
        "delayBetweenRetries": 30,
        "maxRetriesOnFail": 1,
        "params": {
          "runnableType": "pyrunnable_builtin-macros_kill-jupyter-sessions",
          "config": {
            "maxIdleTimeHours": 4,
            "maxSessionAgeHours": 0,
            "dontKillBusyKernels": true,
            "dontKillConnectedKernels": true,
            "simulate": false
          },
          "adminConfig": {},
          "proceedOnFailure": false
        }
      }
    ]
  },
  "automationLocal": false,
  "customFields": {}
}