[
    {
        "test_score_gib": 0.9785879629629629,
        "train_score": 0.9807098765432098,
        "test_score": 0.9785879629629629,
        "num_samples": 25,
        "fit_time": 10,
        "score_time": 105,
        "time": 115,
        "parameters": {
            "C": 0.1,
            "penalty": "l2"
        },
        "done_at": 1686764906994,
        "split_id": 0
    },
    {
        "test_score_gib": 0.9675925925925926,
        "train_score": 0.9813850308641975,
        "test_score": 0.9675925925925926,
        "num_samples": 25,
        "fit_time": 15,
        "score_time": 130,
        "time": 145,
        "parameters": {
            "C": 0.1,
            "penalty": "l2"
        },
        "done_at": 1686764907036,
        "split_id": 1
    },
    {
        "test_score_gib": 0.9930555555555556,
        "train_score": 0.9773726851851852,
        "test_score": 0.9930555555555556,
        "num_samples": 25,
        "fit_time": 20,
        "score_time": 99,
        "time": 119,
        "parameters": {
            "C": 0.1,
            "penalty": "l2"
        },
        "done_at": 1686764907015,
        "split_id": 2
    },
    {
        "test_score_gib": 0.9920634920634921,
        "train_score": 0.9802307347670249,
        "test_score": 0.9920634920634921,
        "num_samples": 24,
        "fit_time": 22,
        "score_time": 107,
        "time": 129,
        "parameters": {
            "C": 0.1,
            "penalty": "l2"
        },
        "done_at": 1686764907036,
        "split_id": 3
    },
    {
        "test_score_gib": 0.9761904761904763,
        "train_score": 0.9770385304659498,
        "test_score": 0.9761904761904763,
        "num_samples": 24,
        "fit_time": 11,
        "score_time": 146,
        "time": 157,
        "parameters": {
            "C": 0.1,
            "penalty": "l2"
        },
        "done_at": 1686764907154,
        "split_id": 4
    },
    {
        "test_score_gib": 0.9693287037037037,
        "train_score": 0.9560185185185184,
        "test_score": 0.9693287037037037,
        "num_samples": 25,
        "fit_time": 15,
        "score_time": 118,
        "time": 133,
        "parameters": {
            "C": 0.01,
            "penalty": "l2"
        },
        "done_at": 1686764907151,
        "split_id": 0
    },
    {
        "test_score_gib": 0.9375,
        "train_score": 0.9623456790123456,
        "test_score": 0.9375,
        "num_samples": 25,
        "fit_time": 20,
        "score_time": 125,
        "time": 145,
        "parameters": {
            "C": 0.01,
            "penalty": "l2"
        },
        "done_at": 1686764907186,
        "split_id": 1
    },
    {
        "test_score_gib": 0.9699074074074074,
        "train_score": 0.9530671296296296,
        "test_score": 0.9699074074074074,
        "num_samples": 25,
        "fit_time": 18,
        "score_time": 133,
        "time": 151,
        "parameters": {
            "C": 0.01,
            "penalty": "l2"
        },
        "done_at": 1686764907198,
        "split_id": 2
    },
    {
        "test_score_gib": 0.9603174603174602,
        "train_score": 0.956149193548387,
        "test_score": 0.9603174603174602,
        "num_samples": 24,
        "fit_time": 18,
        "score_time": 126,
        "time": 144,
        "parameters": {
            "C": 0.01,
            "penalty": "l2"
        },
        "done_at": 1686764907302,
        "split_id": 3
    },
    {
        "test_score_gib": 0.955026455026455,
        "train_score": 0.9565225507765831,
        "test_score": 0.955026455026455,
        "num_samples": 24,
        "fit_time": 23,
        "score_time": 145,
        "time": 168,
        "parameters": {
            "C": 0.01,
            "penalty": "l2"
        },
        "done_at": 1686764907330,
        "split_id": 4
    },
    {
        "test_score_gib": 1.0,
        "train_score": 0.9984567901234567,
        "test_score": 1.0,
        "num_samples": 25,
        "fit_time": 27,
        "score_time": 119,
        "time": 146,
        "parameters": {
            "C": 10.0,
            "penalty": "l2"
        },
        "done_at": 1686764907338,
        "split_id": 0
    },
    {
        "test_score_gib": 0.9953703703703703,
        "train_score": 0.9996913580246913,
        "test_score": 0.9953703703703703,
        "num_samples": 25,
        "fit_time": 39,
        "score_time": 131,
        "time": 170,
        "parameters": {
            "C": 10.0,
            "penalty": "l2"
        },
        "done_at": 1686764907373,
        "split_id": 1
    },
    {
        "test_score_gib": 1.0,
        "train_score": 0.9984567901234567,
        "test_score": 1.0,
        "num_samples": 25,
        "fit_time": 64,
        "score_time": 141,
        "time": 205,
        "parameters": {
            "C": 10.0,
            "penalty": "l2"
        },
        "done_at": 1686764907513,
        "split_id": 2
    },
    {
        "test_score_gib": 0.9947089947089947,
        "train_score": 0.9991039426523296,
        "test_score": 0.9947089947089947,
        "num_samples": 24,
        "fit_time": 76,
        "score_time": 125,
        "time": 201,
        "parameters": {
            "C": 10.0,
            "penalty": "l2"
        },
        "done_at": 1686764907540,
        "split_id": 3
    },
    {
        "test_score_gib": 0.9947089947089947,
        "train_score": 0.9994026284348865,
        "test_score": 0.9947089947089947,
        "num_samples": 24,
        "fit_time": 51,
        "score_time": 103,
        "time": 154,
        "parameters": {
            "C": 10.0,
            "penalty": "l2"
        },
        "done_at": 1686764907515,
        "split_id": 4
    },
    {
        "test_score_gib": 1.0,
        "train_score": 0.9969135802469136,
        "test_score": 1.0,
        "num_samples": 25,
        "fit_time": 43,
        "score_time": 106,
        "time": 149,
        "parameters": {
            "C": 1.0,
            "penalty": "l2"
        },
        "done_at": 1686764907529,
        "split_id": 0
    },
    {
        "test_score_gib": 0.9907407407407407,
        "train_score": 0.9979938271604938,
        "test_score": 0.9907407407407407,
        "num_samples": 25,
        "fit_time": 22,
        "score_time": 117,
        "time": 139,
        "parameters": {
            "C": 1.0,
            "penalty": "l2"
        },
        "done_at": 1686764907657,
        "split_id": 1
    },
    {
        "test_score_gib": 1.0,
        "train_score": 0.9975308641975308,
        "test_score": 1.0,
        "num_samples": 25,
        "fit_time": 38,
        "score_time": 161,
        "time": 199,
        "parameters": {
            "C": 1.0,
            "penalty": "l2"
        },
        "done_at": 1686764907722,
        "split_id": 2
    },
    {
        "test_score_gib": 1.0,
        "train_score": 0.9980585424133812,
        "test_score": 1.0,
        "num_samples": 24,
        "fit_time": 30,
        "score_time": 91,
        "time": 121,
        "parameters": {
            "C": 1.0,
            "penalty": "l2"
        },
        "done_at": 1686764907664,
        "split_id": 3
    },
    {
        "test_score_gib": 0.9947089947089947,
        "train_score": 0.9982078853046594,
        "test_score": 0.9947089947089947,
        "num_samples": 24,
        "fit_time": 35,
        "score_time": 136,
        "time": 171,
        "parameters": {
            "C": 1.0,
            "penalty": "l2"
        },
        "done_at": 1686764907723,
        "split_id": 4
    },
    {
        "test_score_gib": 1.0,
        "train_score": 0.9981481481481481,
        "test_score": 1.0,
        "num_samples": 25,
        "fit_time": 56,
        "score_time": 117,
        "time": 173,
        "parameters": {
            "C": 100.0,
            "penalty": "l2"
        },
        "done_at": 1686764907836,
        "split_id": 0
    },
    {
        "test_score_gib": 0.9953703703703703,
        "train_score": 0.9996913580246913,
        "test_score": 0.9953703703703703,
        "num_samples": 25,
        "fit_time": 29,
        "score_time": 152,
        "time": 181,
        "parameters": {
            "C": 100.0,
            "penalty": "l2"
        },
        "done_at": 1686764907850,
        "split_id": 1
    },
    {
        "test_score_gib": 1.0,
        "train_score": 0.9981481481481481,
        "test_score": 1.0,
        "num_samples": 25,
        "fit_time": 39,
        "score_time": 138,
        "time": 177,
        "parameters": {
            "C": 100.0,
            "penalty": "l2"
        },
        "done_at": 1686764907902,
        "split_id": 2
    },
    {
        "test_score_gib": 1.0,
        "train_score": 0.9988052568697731,
        "test_score": 1.0,
        "num_samples": 24,
        "fit_time": 46,
        "score_time": 120,
        "time": 166,
        "parameters": {
            "C": 100.0,
            "penalty": "l2"
        },
        "done_at": 1686764907897,
        "split_id": 3
    },
    {
        "test_score_gib": 0.9947089947089947,
        "train_score": 0.9997013142174432,
        "test_score": 0.9947089947089947,
        "num_samples": 24,
        "fit_time": 35,
        "score_time": 36,
        "time": 71,
        "parameters": {
            "C": 100.0,
            "penalty": "l2"
        },
        "done_at": 1686764907914,
        "split_id": 4
    }
]