{
    "startedAt": 1686764906875,
    "gridSize": 5,
    "nThreads": 4,
    "nSplits": 5,
    "metric": "ROC_AUC",
    "timeout": null,
    "gridPoints": [
        {
            "finishedAt": 1686764907154,
            "score": 0.9814552684217318,
            "testScoreGibMean": 0.9814552684217318,
            "testScoreMean": 0.9814552684217318,
            "testScoreStd": 0.00976974997343675,
            "trainScoreMean": 0.9793589608163107,
            "trainScoreStd": 0.0017905485477823224,
            "time": 665,
            "fitTimeMean": 15.6,
            "fitTimeStd": 4.758150901348127,
            "scoreTimeMean": 117.4,
            "scoreTimeStd": 17.760630619434657,
            "parameters": {
                "C": 0.1,
                "penalty": "l2"
            }
        },
        {
            "finishedAt": 1686764907330,
            "score": 0.9584281036262745,
            "testScoreGibMean": 0.9584281036262745,
            "testScoreMean": 0.9584281036262745,
            "testScoreStd": 0.01195450611852918,
            "trainScoreMean": 0.9568284962830211,
            "trainScoreStd": 0.0030502599187148495,
            "time": 741,
            "fitTimeMean": 18.8,
            "fitTimeStd": 2.6381811916545836,
            "scoreTimeMean": 129.4,
            "scoreTimeStd": 9.134549797335389,
            "parameters": {
                "C": 0.01,
                "penalty": "l2"
            }
        },
        {
            "finishedAt": 1686764907540,
            "score": 0.996994235815374,
            "testScoreGibMean": 0.996994235815374,
            "testScoreMean": 0.996994235815374,
            "testScoreStd": 0.0024993106092597328,
            "trainScoreMean": 0.9990185460397016,
            "trainScoreStd": 0.000500494629132245,
            "time": 876,
            "fitTimeMean": 51.4,
            "fitTimeStd": 17.396551382386107,
            "scoreTimeMean": 123.8,
            "scoreTimeStd": 12.687001221722964,
            "parameters": {
                "C": 10.0,
                "penalty": "l2"
            }
        },
        {
            "finishedAt": 1686764907723,
            "score": 0.9970856454596292,
            "testScoreGibMean": 0.9970856454596292,
            "testScoreMean": 0.9970856454596292,
            "testScoreStd": 0.003794009896767474,
            "trainScoreMean": 0.9977345614256621,
            "trainScoreStd": 0.0004725300751181975,
            "time": 779,
            "fitTimeMean": 33.6,
            "fitTimeStd": 7.172168430816443,
            "scoreTimeMean": 122.2,
            "scoreTimeStd": 24.326117651610584,
            "parameters": {
                "C": 1.0,
                "penalty": "l2"
            }
        },
        {
            "finishedAt": 1686764907914,
            "score": 0.9980266270916678,
            "testScoreGibMean": 0.9980266270916678,
            "testScoreMean": 0.9980266270916678,
            "testScoreStd": 0.0024340467363099284,
            "trainScoreMean": 0.9988930818220966,
            "trainScoreStd": 0.0006957495763105576,
            "time": 768,
            "fitTimeMean": 41.0,
            "fitTimeStd": 9.316651759081692,
            "scoreTimeMean": 112.6,
            "scoreTimeStd": 40.34649922855761,
            "parameters": {
                "C": 100.0,
                "penalty": "l2"
            }
        }
    ]
}