{
    "modelInputNRows": 123,
    "modelInputNCols": 4,
    "modelInputIsSparse": false,
    "modelInputMemory": 3936,
    "usedGridSearch": true,
    "gridSize": 5,
    "gridBestScore": 0.9980266270916678,
    "gridCells": [
        {
            "params": {
                "C": 0.1,
                "penalty": "l2"
            },
            "score": 0.9814552684217318,
            "scoreStd": 0.00976974997343675,
            "fitTime": 0.0156,
            "fitTimeStd": 0.004758150901348127,
            "scoreTime": 0.1174,
            "scoreTimeStd": 0.017760630619434656
        },
        {
            "params": {
                "C": 0.01,
                "penalty": "l2"
            },
            "score": 0.9584281036262745,
            "scoreStd": 0.01195450611852918,
            "fitTime": 0.0188,
            "fitTimeStd": 0.0026381811916545836,
            "scoreTime": 0.12940000000000002,
            "scoreTimeStd": 0.00913454979733539
        },
        {
            "params": {
                "C": 10.0,
                "penalty": "l2"
            },
            "score": 0.996994235815374,
            "scoreStd": 0.0024993106092597328,
            "fitTime": 0.0514,
            "fitTimeStd": 0.01739655138238611,
            "scoreTime": 0.1238,
            "scoreTimeStd": 0.012687001221722964
        },
        {
            "params": {
                "C": 1.0,
                "penalty": "l2"
            },
            "score": 0.9970856454596292,
            "scoreStd": 0.003794009896767474,
            "fitTime": 0.033600000000000005,
            "fitTimeStd": 0.007172168430816443,
            "scoreTime": 0.1222,
            "scoreTimeStd": 0.024326117651610583
        },
        {
            "params": {
                "C": 100.0,
                "penalty": "l2"
            },
            "score": 0.9980266270916678,
            "scoreStd": 0.0024340467363099284,
            "fitTime": 0.041,
            "fitTimeStd": 0.009316651759081692,
            "scoreTime": 0.11259999999999999,
            "scoreTimeStd": 0.04034649922855761
        }
    ],
    "probaAware": true
}