{
  "state": "DONE",
  "preSearchDescription": {
    "gridLength": 5,
    "searchStrategy": "GRID",
    "importantParams": [
      {
        "name": "penalty",
        "vals": [
          "l2"
        ]
      },
      {
        "name": "C",
        "vals": [
          "0.01",
          "0.1",
          "1.0",
          "10.0",
          "100.0"
        ]
      }
    ]
  },
  "postSearchDescription": {
    "importantParams": [
      {
        "name": "C",
        "val": "100.0"
      },
      {
        "name": "penalty",
        "val": "l2"
      }
    ]
  },
  "resumed": false,
  "timeOrderingEnabled": false,
  "sampleWeightsEnabled": false,
  "modelId": "m1",
  "progress": {
    "top_level_todo": [],
    "stack": [],
    "top_level_done": [
      {
        "name": "Loading train set",
        "time": 6
      },
      {
        "name": "Loading test set",
        "time": 4
      },
      {
        "name": "Collecting statistics",
        "time": 5
      },
      {
        "name": "Preprocessing train set",
        "time": 13
      },
      {
        "name": "Preprocessing test set",
        "time": 13
      },
      {
        "name": "Hyperparameter searching",
        "time": 2035
      },
      {
        "name": "Fitting model",
        "time": 21
      },
      {
        "name": "Saving model",
        "time": 5
      },
      {
        "name": "Scoring model",
        "time": 40
      },
      {
        "name": "Preparing explainability",
        "time": 247
      }
    ]
  },
  "startTime": 1686764906821,
  "endTime": 1686764909215,
  "preprocessingTime": 43,
  "trainingTime": 2351,
  "hyperparamsSearchTime": 2035,
  "pythonVersion": "3.9.13"
}