{
  "starred": true,
  "clusterMetas": {},
  "customMeta": {
    "kv": {}
  },
  "tags": [],
  "activeClassifierThreshold": 0.0,
  "description": "",
  "name": "Logistic Regression (s1) - v1",
  "labels": [
    {
      "key": "trainDataset:dataset-name",
      "value": "iris"
    },
    {
      "key": "testDataset:dataset-name",
      "value": "iris"
    },
    {
      "key": "evaluationDataset:dataset-name",
      "value": "iris"
    },
    {
      "key": "model:algorithm",
      "value": "LOGISTIC_REGRESSION"
    },
    {
      "key": "model:date",
      "value": "2023-06-14T17:48:29.215+0000"
    },
    {
      "key": "evaluation:date",
      "value": "2023-06-14T17:48:29.215+0000"
    },
    {
      "key": "model:name",
      "value": "Logistic Regression (s1) - v1"
    }
  ]
}