{
  "params": {
    "ttPolicy": "SPLIT_SINGLE_DATASET",
    "ssdSplitMode": "RANDOM",
    "splitBeforePrepare": true,
    "ssdSelection": {
      "useMemTable": false,
      "filter": {
        "distinct": false,
        "enabled": false
      },
      "partitionSelectionMethod": "ALL",
      "latestPartitionsN": 1,
      "ordering": {
        "enabled": false,
        "rules": []
      },
      "samplingMethod": "HEAD_SEQUENTIAL",
      "maxRecords": 100000,
      "targetRatio": 0.02,
      "withinFirstN": -1,
      "maxReadUncompressedBytes": -1
    },
    "ssdTrainingRatio": 0.8,
    "ssdStratified": false,
    "ssdGrouped": false,
    "ssdSeed": 1337,
    "testOnLargerValues": true,
    "streamAll": false,
    "kfold": false,
    "nFolds": 5,
    "instanceIdRefresher": 0,
    "subSamplingSeed": 1337
  },
  "generationDate": 1686764902747,
  "policyId": "type\u003dSPLIT_SINGLE_DATASET,split\u003dRANDOM,splitBeforePrepare\u003dtrue,ds\u003diris,sel\u003d(method\u003dhead-s,records\u003d100000),r\u003d0.8,s\u003d1337",
  "instanceId": "ea23d881f9019c22c3ac564427f7907c-0",
  "format": "csv1",
  "schema": {
    "columns": [
      {"name":"sepal_length","type":"double"},
      {"name":"sepal_width","type":"double"},
      {"name":"petal_length","type":"double"},
      {"name":"petal_width","type":"double"},
      {"name":"variety","type":"string"}
    ],
    "userModified": false
  },
  "trainPath": "train.csv.gz",
  "testPath": "test.csv.gz",
  "trainRows": 123,
  "testRows": 27,
  "fullRows": 0
}