[
  {
    "execSQLLike": false,
    "localDatasets": [],
    "projectPrivileges": {
      "admin": false,
      "readProjectContent": false,
      "writeProjectContent": false,
      "exportDatasetsData": false,
      "readDashboards": false,
      "writeDashboards": false,
      "moderateDashboards": false,
      "publishToDataCollections": false,
      "shareToWorkspaces": false,
      "runScenarios": false,
      "manageDashboardAuthorizations": false,
      "manageExposedElements": false,
      "manageAdditionalDashboardUsers": false,
      "executeApp": false
    },
    "onBehalf": "SmwHsTi",
    "id": "ApCrDyDdJoiFgsV6",
    "key": "dummyKey_ues5Da0e90b7dCnFYNzBg8xBZXhKpMX8",
    "label": "Key for Web app Containerized Webapp Test(SmwHsTi)",
    "createdOn": 1686764063249
  }
]