{
  "tags": {
    "DATASET.iris_hive": {
      "versionNumber": 1,
      "lastModifiedBy": {
        "login": "ivan.gomez"
      },
      "lastModifiedOn": 1686754186641,
      "extendedProperties": {}
    },
    "LAMBDA_SERVICE.dataiku-api-validation": {
      "versionNumber": 7,
      "lastModifiedBy": {
        "login": "admin"
      },
      "lastModifiedOn": 1707252862787,
      "extendedProperties": {}
    },
    "PROJECT.DKUADMIN": {
      "versionNumber": 23,
      "lastModifiedBy": {
        "login": "admin"
      },
      "lastModifiedOn": 1707252772520,
      "extendedProperties": {}
    },
    "RECIPE.compute_iris_k8s": {
      "versionNumber": 3,
      "lastModifiedBy": {
        "login": "admin"
      },
      "lastModifiedOn": 1707933059132,
      "extendedProperties": {}
    },
    "SCENARIO.MAINTENANCEJOBS": {
      "versionNumber": 6,
      "lastModifiedBy": {
        "login": "ivan.gomez"
      },
      "lastModifiedOn": 1694631780430,
      "extendedProperties": {}
    },
    "WEB_APP.SmwHsTi": {
      "versionNumber": 2,
      "lastModifiedBy": {
        "login": "ivan.gomez"
      },
      "lastModifiedOn": 1694635135299,
      "extendedProperties": {}
    }
  }
}