{
  "discussions": [
    {
      "id": "VyDw0DJQ",
      "workspaceKey": "",
      "objectId": "4",
      "objectType": "ARTICLE",
      "topic": "Scenarios",
      "lastReplyTime": 1694631647854,
      "users": {
        "ivan.gomez": {
          "login": "ivan.gomez",
          "lastReplyTime": 1694631647854,
          "lastReadTime": 1694631648020
        }
      },
      "closedOn": 0,
      "closedBy": "",
      "replies": [
        {
          "id": "G3hDUVF4",
          "text": "I added links to https://knowledge.dataiku.com/latest/admin-operating/project-maintenance/index.html",
          "author": "ivan.gomez",
          "time": 1694631647854,
          "editedOn": 0
        }
      ]
    },
    {
      "id": "ASuip3ui",
      "workspaceKey": "",
      "objectId": "4",
      "objectType": "ARTICLE",
      "topic": "Spark Notebook",
      "lastReplyTime": 1694630430141,
      "users": {
        "ivan.gomez": {
          "login": "ivan.gomez",
          "lastReplyTime": 1694630430141,
          "lastReadTime": 1694630430338
        }
      },
      "closedOn": 0,
      "closedBy": "",
      "replies": [
        {
          "id": "2CDvUd5x",
          "text": "There may have been a copy/paste trigger happy here. The instructions for the Spark notebook are almost the same as the Containerized Notebook.\n\nSpark notebooks should run locally (not in a container)\nSee the Plat Review wiki for an example:\n\nhttps://analytics.dataiku.com/projects/DATAOPSWIKI/wiki/842/Elastic%20Compute#spark-on-notebook-strong-style-color-ae0000-must-have-strong--1",
          "author": "ivan.gomez",
          "time": 1694630430141,
          "editedOn": 0
        }
      ]
    },
    {
      "id": "TrTvxzcU",
      "workspaceKey": "",
      "objectId": "4",
      "objectType": "ARTICLE",
      "topic": "Spark and Container Exec",
      "lastReplyTime": 1694624542007,
      "users": {
        "ivan.gomez": {
          "login": "ivan.gomez",
          "lastReplyTime": 1694624542007,
          "lastReadTime": 1694624542660
        }
      },
      "closedOn": 0,
      "closedBy": "",
      "replies": [
        {
          "id": "4o1wZzew",
          "text": "Spark\nMissing from the code: \n- Interactive SparkSQL (notebooks \u0026 charts) should be set to CLI spark-submit\n\nAlso verify:\n- Default configuration (recipes \u0026 ML) \u003d\u003e Spark-Standard\n- Configuration for PySpark/SparkR/Scala notebook \u003d\u003e Spark-Standard\n- Configuration for Spark code recipes validation \u003d\u003e Spark-Standard\n- Configuration for interactive SparkSQL \u003d\u003e Spark-Standard\n\n\n",
          "author": "ivan.gomez",
          "time": 1694624542007,
          "editedOn": 0
        },
        {
          "id": "jCL93Fim",
          "text": "**Verify Container Exec and Sparks Configs created successfully**\nContainer Exec:\nAlso add:\n- Default settings -\u003e Default exec. config \u003d\u003e eks|aks|gke-default\n\n- Virtual webapps backends -\u003e Run in container -\u003e eks|aks|gke-Webapp\n",
          "author": "ivan.gomez",
          "time": 1694624397042,
          "editedOn": 0
        }
      ]
    },
    {
      "id": "dEGiqru7",
      "workspaceKey": "",
      "objectId": "4",
      "objectType": "ARTICLE",
      "topic": "Metastore",
      "lastReplyTime": 1694623407710,
      "users": {
        "ivan.gomez": {
          "login": "ivan.gomez",
          "lastReplyTime": 1694623407710,
          "lastReadTime": 1694623407858
        }
      },
      "closedOn": 0,
      "closedBy": "",
      "replies": [
        {
          "id": "T0vxzFyj",
          "text": "Maybe add a statement saying this is recommended IF not already using Hive or integrating with AWS Glue",
          "author": "ivan.gomez",
          "time": 1694623407710,
          "editedOn": 0
        }
      ]
    },
    {
      "id": "NX2Rs5Nk",
      "workspaceKey": "",
      "objectId": "4",
      "objectType": "ARTICLE",
      "topic": "Remove Root Filesystem",
      "lastReplyTime": 1694623986019,
      "users": {
        "ivan.gomez": {
          "login": "ivan.gomez",
          "lastReplyTime": 1694623986019,
          "lastReadTime": 1694623986188
        }
      },
      "closedOn": 0,
      "closedBy": "",
      "replies": [
        {
          "id": "0dfPbd38",
          "text": "**Verify removal**\nWe can prob add an extra line of code that checks for the connection after the .delete() and prints a message saying it was successfully removed just to make it a bit more polished",
          "author": "ivan.gomez",
          "time": 1694623986019,
          "editedOn": 0
        },
        {
          "id": "tepjeTeA",
          "text": "I think we want to be a little more cautios with this part \"it can present a security risk\". \n\nI agree, but we don\u0027t want overly sensitive customers to freak out and scream \"Dataiku has security risks by default\"",
          "author": "ivan.gomez",
          "time": 1694623246749,
          "editedOn": 0
        }
      ]
    }
  ]
}