{
    "featuresDistribution": {
        "sepal_width": {
            "type": "NUMERIC",
            "nbDistinct": 22,
            "count": 123,
            "missingCount": 0.0,
            "histogram": {
                "scale": [
                    2.0,
                    2.048979591836735,
                    2.0979591836734692,
                    2.146938775510204,
                    2.195918367346939,
                    2.2448979591836733,
                    2.293877551020408,
                    2.342857142857143,
                    2.391836734693878,
                    2.440816326530612,
                    2.489795918367347,
                    2.538775510204082,
                    2.5877551020408163,
                    2.636734693877551,
                    2.685714285714286,
                    2.7346938775510203,
                    2.783673469387755,
                    2.83265306122449,
                    2.8816326530612244,
                    2.9306122448979592,
                    2.979591836734694,
                    3.0285714285714285,
                    3.0775510204081633,
                    3.126530612244898,
                    3.1755102040816325,
                    3.2244897959183674,
                    3.273469387755102,
                    3.3224489795918366,
                    3.3714285714285714,
                    3.4204081632653063,
                    3.4693877551020407,
                    3.518367346938776,
                    3.5673469387755103,
                    3.6163265306122447,
                    3.66530612244898,
                    3.7142857142857144,
                    3.7632653061224492,
                    3.812244897959184,
                    3.8612244897959185,
                    3.9102040816326533,
                    3.959183673469388,
                    4.0081632653061225,
                    4.057142857142857,
                    4.106122448979592,
                    4.155102040816327,
                    4.204081632653061,
                    4.253061224489796,
                    4.302040816326531,
                    4.351020408163265,
                    4.4
                ],
                "distribution": [
                    0.008130081300813009,
                    0.0,
                    0.0,
                    0.0,
                    0.024390243902439025,
                    0.0,
                    0.024390243902439025,
                    0.0,
                    0.024390243902439025,
                    0.0,
                    0.06504065040650407,
                    0.0,
                    0.032520325203252036,
                    0.0,
                    0.06504065040650407,
                    0.0,
                    0.07317073170731707,
                    0.0,
                    0.07317073170731707,
                    0.0,
                    0.1951219512195122,
                    0.0,
                    0.056910569105691054,
                    0.0,
                    0.07317073170731707,
                    0.0,
                    0.04878048780487805,
                    0.0,
                    0.06504065040650407,
                    0.0,
                    0.04878048780487805,
                    0.0,
                    0.024390243902439025,
                    0.0,
                    0.024390243902439025,
                    0.0,
                    0.04065040650406504,
                    0.0,
                    0.008130081300813009,
                    0.0,
                    0.0,
                    0.0,
                    0.008130081300813009,
                    0.0,
                    0.008130081300813009,
                    0.0,
                    0.0,
                    0.0,
                    0.008130081300813009
                ]
            },
            "quantiles": {
                "scale": [
                    2.25,
                    2.6,
                    2.75,
                    2.9,
                    3.0,
                    3.05,
                    3.1500000000000004,
                    3.3,
                    3.5140000000000002,
                    4.014
                ],
                "distribution": [
                    0.08130081300813008,
                    0.0975609756097561,
                    0.06504065040650407,
                    0.14634146341463414,
                    0.0,
                    0.1951219512195122,
                    0.056910569105691054,
                    0.12195121951219512,
                    0.13821138211382114,
                    0.0975609756097561
                ]
            },
            "topValues": [
                {
                    "value": 3.0,
                    "count": 24.0
                },
                {
                    "value": 2.8,
                    "count": 9.0
                },
                {
                    "value": 2.9,
                    "count": 9.0
                },
                {
                    "value": 3.2,
                    "count": 9.0
                },
                {
                    "value": 2.5,
                    "count": 8.0
                },
                {
                    "value": 2.7,
                    "count": 8.0
                },
                {
                    "value": 3.4,
                    "count": 8.0
                },
                {
                    "value": 3.1,
                    "count": 7.0
                },
                {
                    "value": 3.3,
                    "count": 6.0
                },
                {
                    "value": 3.5,
                    "count": 6.0
                },
                {
                    "value": 3.8,
                    "count": 5.0
                },
                {
                    "value": 2.6,
                    "count": 4.0
                },
                {
                    "value": 2.4,
                    "count": 3.0
                },
                {
                    "value": 2.3,
                    "count": 3.0
                },
                {
                    "value": 2.2,
                    "count": 3.0
                },
                {
                    "value": 3.6,
                    "count": 3.0
                },
                {
                    "value": 3.7,
                    "count": 3.0
                },
                {
                    "value": 4.1,
                    "count": 1.0
                },
                {
                    "value": 4.2,
                    "count": 1.0
                },
                {
                    "value": 2.0,
                    "count": 1.0
                },
                {
                    "value": 3.9,
                    "count": 1.0
                },
                {
                    "value": 4.4,
                    "count": 1.0
                }
            ]
        },
        "petal_width": {
            "type": "NUMERIC",
            "nbDistinct": 22,
            "count": 123,
            "missingCount": 0.0,
            "histogram": {
                "scale": [
                    0.1,
                    0.1489795918367347,
                    0.19795918367346937,
                    0.24693877551020407,
                    0.29591836734693877,
                    0.3448979591836735,
                    0.3938775510204081,
                    0.44285714285714284,
                    0.49183673469387756,
                    0.5408163265306122,
                    0.5897959183673469,
                    0.6387755102040816,
                    0.6877551020408162,
                    0.736734693877551,
                    0.7857142857142857,
                    0.8346938775510203,
                    0.883673469387755,
                    0.9326530612244898,
                    0.9816326530612244,
                    1.030612244897959,
                    1.079591836734694,
                    1.1285714285714286,
                    1.1775510204081634,
                    1.226530612244898,
                    1.2755102040816326,
                    1.3244897959183675,
                    1.373469387755102,
                    1.4224489795918367,
                    1.4714285714285715,
                    1.5204081632653061,
                    1.5693877551020408,
                    1.6183673469387756,
                    1.6673469387755102,
                    1.7163265306122448,
                    1.7653061224489797,
                    1.8142857142857143,
                    1.863265306122449,
                    1.9122448979591837,
                    1.9612244897959183,
                    2.010204081632653,
                    2.059183673469388,
                    2.1081632653061226,
                    2.157142857142857,
                    2.206122448979592,
                    2.2551020408163267,
                    2.304081632653061,
                    2.353061224489796,
                    2.4020408163265308,
                    2.451020408163265,
                    2.5
                ],
                "distribution": [
                    0.04065040650406504,
                    0.0,
                    0.17886178861788618,
                    0.0,
                    0.04878048780487805,
                    0.0,
                    0.04065040650406504,
                    0.0,
                    0.008130081300813009,
                    0.0,
                    0.008130081300813009,
                    0.0,
                    0.0,
                    0.0,
                    0.0,
                    0.0,
                    0.0,
                    0.0,
                    0.056910569105691054,
                    0.0,
                    0.024390243902439025,
                    0.0,
                    0.024390243902439025,
                    0.0,
                    0.08130081300813008,
                    0.0,
                    0.032520325203252036,
                    0.0,
                    0.08130081300813008,
                    0.0,
                    0.024390243902439025,
                    0.0,
                    0.016260162601626018,
                    0.0,
                    0.08130081300813008,
                    0.0,
                    0.04065040650406504,
                    0.0,
                    0.04065040650406504,
                    0.0,
                    0.04878048780487805,
                    0.0,
                    0.024390243902439025,
                    0.0,
                    0.04878048780487805,
                    0.0,
                    0.024390243902439025,
                    0.0,
                    0.024390243902439025
                ]
            },
            "quantiles": {
                "scale": [
                    0.15000000000000002,
                    0.2,
                    0.30000000000000004,
                    0.75,
                    1.2000000000000002,
                    1.4,
                    1.65,
                    1.9,
                    2.114,
                    2.364
                ],
                "distribution": [
                    0.04065040650406504,
                    0.0,
                    0.22764227642276422,
                    0.11382113821138211,
                    0.04878048780487805,
                    0.11382113821138211,
                    0.12195121951219512,
                    0.12195121951219512,
                    0.11382113821138211,
                    0.0975609756097561
                ]
            },
            "topValues": [
                {
                    "value": 0.2,
                    "count": 22.0
                },
                {
                    "value": 1.5,
                    "count": 10.0
                },
                {
                    "value": 1.8,
                    "count": 10.0
                },
                {
                    "value": 1.3,
                    "count": 10.0
                },
                {
                    "value": 1.0,
                    "count": 7.0
                },
                {
                    "value": 0.3,
                    "count": 6.0
                },
                {
                    "value": 2.3,
                    "count": 6.0
                },
                {
                    "value": 2.1,
                    "count": 6.0
                },
                {
                    "value": 2.0,
                    "count": 5.0
                },
                {
                    "value": 1.9,
                    "count": 5.0
                },
                {
                    "value": 0.1,
                    "count": 5.0
                },
                {
                    "value": 0.4,
                    "count": 5.0
                },
                {
                    "value": 1.4,
                    "count": 4.0
                },
                {
                    "value": 1.6,
                    "count": 3.0
                },
                {
                    "value": 1.2,
                    "count": 3.0
                },
                {
                    "value": 1.1,
                    "count": 3.0
                },
                {
                    "value": 2.2,
                    "count": 3.0
                },
                {
                    "value": 2.4,
                    "count": 3.0
                },
                {
                    "value": 2.5,
                    "count": 3.0
                },
                {
                    "value": 1.7,
                    "count": 2.0
                },
                {
                    "value": 0.6,
                    "count": 1.0
                },
                {
                    "value": 0.5,
                    "count": 1.0
                }
            ]
        },
        "sepal_length": {
            "type": "NUMERIC",
            "nbDistinct": 35,
            "count": 123,
            "missingCount": 0.0,
            "histogram": {
                "scale": [
                    4.3,
                    4.373469387755102,
                    4.446938775510204,
                    4.520408163265306,
                    4.593877551020408,
                    4.66734693877551,
                    4.740816326530612,
                    4.814285714285714,
                    4.887755102040816,
                    4.961224489795918,
                    5.03469387755102,
                    5.108163265306122,
                    5.181632653061224,
                    5.255102040816326,
                    5.328571428571428,
                    5.40204081632653,
                    5.475510204081632,
                    5.548979591836734,
                    5.622448979591836,
                    5.6959183673469385,
                    5.7693877551020405,
                    5.8428571428571425,
                    5.916326530612245,
                    5.989795918367347,
                    6.0632653061224495,
                    6.1367346938775515,
                    6.210204081632654,
                    6.283673469387756,
                    6.357142857142858,
                    6.43061224489796,
                    6.504081632653062,
                    6.577551020408164,
                    6.651020408163266,
                    6.724489795918368,
                    6.79795918367347,
                    6.871428571428572,
                    6.944897959183674,
                    7.018367346938776,
                    7.091836734693878,
                    7.16530612244898,
                    7.238775510204082,
                    7.312244897959184,
                    7.385714285714286,
                    7.459183673469388,
                    7.53265306122449,
                    7.606122448979592,
                    7.679591836734694,
                    7.753061224489796,
                    7.826530612244898,
                    7.9
                ],
                "distribution": [
                    0.008130081300813009,
                    0.016260162601626018,
                    0.008130081300813009,
                    0.0,
                    0.016260162601626018,
                    0.008130081300813009,
                    0.04065040650406504,
                    0.0,
                    0.04878048780487805,
                    0.06504065040650407,
                    0.056910569105691054,
                    0.0,
                    0.024390243902439025,
                    0.008130081300813009,
                    0.04065040650406504,
                    0.0,
                    0.056910569105691054,
                    0.032520325203252036,
                    0.0,
                    0.056910569105691054,
                    0.04065040650406504,
                    0.024390243902439025,
                    0.0,
                    0.04065040650406504,
                    0.032520325203252036,
                    0.024390243902439025,
                    0.0,
                    0.06504065040650407,
                    0.04878048780487805,
                    0.04065040650406504,
                    0.0,
                    0.008130081300813009,
                    0.056910569105691054,
                    0.0,
                    0.008130081300813009,
                    0.024390243902439025,
                    0.008130081300813009,
                    0.0,
                    0.008130081300813009,
                    0.016260162601626018,
                    0.008130081300813009,
                    0.0,
                    0.008130081300813009,
                    0.0,
                    0.008130081300813009,
                    0.0,
                    0.032520325203252036,
                    0.0,
                    0.008130081300813009
                ]
            },
            "quantiles": {
                "scale": [
                    4.586,
                    4.936,
                    5.168,
                    5.452,
                    5.683999999999999,
                    5.949999999999999,
                    6.2,
                    6.4,
                    6.714,
                    7.414
                ],
                "distribution": [
                    0.0975609756097561,
                    0.04878048780487805,
                    0.15447154471544716,
                    0.0975609756097561,
                    0.08943089430894309,
                    0.10569105691056911,
                    0.12195121951219512,
                    0.04878048780487805,
                    0.13821138211382114,
                    0.0975609756097561
                ]
            },
            "topValues": [
                {
                    "value": 5.0,
                    "count": 8.0
                },
                {
                    "value": 6.3,
                    "count": 8.0
                },
                {
                    "value": 5.7,
                    "count": 7.0
                },
                {
                    "value": 6.7,
                    "count": 7.0
                },
                {
                    "value": 5.1,
                    "count": 7.0
                },
                {
                    "value": 5.5,
                    "count": 7.0
                },
                {
                    "value": 6.4,
                    "count": 6.0
                },
                {
                    "value": 4.9,
                    "count": 6.0
                },
                {
                    "value": 6.0,
                    "count": 5.0
                },
                {
                    "value": 6.5,
                    "count": 5.0
                },
                {
                    "value": 4.8,
                    "count": 5.0
                },
                {
                    "value": 5.4,
                    "count": 5.0
                },
                {
                    "value": 5.8,
                    "count": 5.0
                },
                {
                    "value": 6.1,
                    "count": 4.0
                },
                {
                    "value": 5.6,
                    "count": 4.0
                },
                {
                    "value": 7.7,
                    "count": 4.0
                },
                {
                    "value": 5.9,
                    "count": 3.0
                },
                {
                    "value": 6.2,
                    "count": 3.0
                },
                {
                    "value": 5.2,
                    "count": 3.0
                },
                {
                    "value": 6.9,
                    "count": 3.0
                },
                {
                    "value": 4.4,
                    "count": 2.0
                },
                {
                    "value": 4.6,
                    "count": 2.0
                },
                {
                    "value": 7.2,
                    "count": 2.0
                },
                {
                    "value": 7.1,
                    "count": 1.0
                },
                {
                    "value": 7.4,
                    "count": 1.0
                },
                {
                    "value": 7.6,
                    "count": 1.0
                },
                {
                    "value": 7.3,
                    "count": 1.0
                },
                {
                    "value": 4.3,
                    "count": 1.0
                },
                {
                    "value": 7.0,
                    "count": 1.0
                },
                {
                    "value": 6.8,
                    "count": 1.0
                },
                {
                    "value": 6.6,
                    "count": 1.0
                },
                {
                    "value": 5.3,
                    "count": 1.0
                },
                {
                    "value": 4.7,
                    "count": 1.0
                },
                {
                    "value": 4.5,
                    "count": 1.0
                },
                {
                    "value": 7.9,
                    "count": 1.0
                }
            ]
        },
        "petal_length": {
            "type": "NUMERIC",
            "nbDistinct": 41,
            "count": 123,
            "missingCount": 0.0,
            "histogram": {
                "scale": [
                    1.1,
                    1.2183673469387757,
                    1.336734693877551,
                    1.4551020408163267,
                    1.5734693877551023,
                    1.6918367346938776,
                    1.8102040816326532,
                    1.9285714285714288,
                    2.0469387755102044,
                    2.16530612244898,
                    2.2836734693877556,
                    2.402040816326531,
                    2.5204081632653064,
                    2.638775510204082,
                    2.7571428571428576,
                    2.8755102040816327,
                    2.9938775510204083,
                    3.112244897959184,
                    3.2306122448979595,
                    3.348979591836735,
                    3.4673469387755107,
                    3.5857142857142863,
                    3.704081632653062,
                    3.822448979591837,
                    3.9408163265306126,
                    4.059183673469388,
                    4.177551020408163,
                    4.295918367346939,
                    4.414285714285715,
                    4.53265306122449,
                    4.651020408163266,
                    4.769387755102041,
                    4.887755102040817,
                    5.006122448979593,
                    5.124489795918368,
                    5.242857142857144,
                    5.361224489795919,
                    5.479591836734695,
                    5.597959183673471,
                    5.716326530612246,
                    5.834693877551022,
                    5.953061224489797,
                    6.071428571428573,
                    6.1897959183673485,
                    6.308163265306124,
                    6.426530612244898,
                    6.544897959183674,
                    6.663265306122449,
                    6.781632653061225,
                    6.9
                ],
                "distribution": [
                    0.008130081300813009,
                    0.04878048780487805,
                    0.0975609756097561,
                    0.08130081300813008,
                    0.04878048780487805,
                    0.024390243902439025,
                    0.016260162601626018,
                    0.0,
                    0.0,
                    0.0,
                    0.0,
                    0.0,
                    0.0,
                    0.0,
                    0.0,
                    0.0,
                    0.008130081300813009,
                    0.0,
                    0.016260162601626018,
                    0.0,
                    0.016260162601626018,
                    0.016260162601626018,
                    0.008130081300813009,
                    0.016260162601626018,
                    0.024390243902439025,
                    0.024390243902439025,
                    0.032520325203252036,
                    0.024390243902439025,
                    0.04065040650406504,
                    0.024390243902439025,
                    0.032520325203252036,
                    0.024390243902439025,
                    0.056910569105691054,
                    0.06504065040650407,
                    0.016260162601626018,
                    0.016260162601626018,
                    0.008130081300813009,
                    0.016260162601626018,
                    0.07317073170731707,
                    0.024390243902439025,
                    0.008130081300813009,
                    0.008130081300813009,
                    0.024390243902439025,
                    0.008130081300813009,
                    0.008130081300813009,
                    0.0,
                    0.008130081300813009,
                    0.016260162601626018,
                    0.008130081300813009
                ]
            },
            "quantiles": {
                "scale": [
                    1.25,
                    1.45,
                    1.5999999999999999,
                    2.8,
                    4.1,
                    4.5,
                    4.9,
                    5.298,
                    5.648,
                    6.35
                ],
                "distribution": [
                    0.056910569105691054,
                    0.0975609756097561,
                    0.13008130081300814,
                    0.10569105691056911,
                    0.0975609756097561,
                    0.08943089430894309,
                    0.11382113821138211,
                    0.10569105691056911,
                    0.08943089430894309,
                    0.11382113821138211
                ]
            },
            "topValues": [
                {
                    "value": 1.4,
                    "count": 12.0
                },
                {
                    "value": 1.5,
                    "count": 10.0
                },
                {
                    "value": 5.1,
                    "count": 8.0
                },
                {
                    "value": 1.6,
                    "count": 6.0
                },
                {
                    "value": 5.6,
                    "count": 6.0
                },
                {
                    "value": 1.3,
                    "count": 6.0
                },
                {
                    "value": 4.5,
                    "count": 5.0
                },
                {
                    "value": 4.2,
                    "count": 4.0
                },
                {
                    "value": 5.0,
                    "count": 4.0
                },
                {
                    "value": 4.7,
                    "count": 4.0
                },
                {
                    "value": 4.1,
                    "count": 3.0
                },
                {
                    "value": 5.7,
                    "count": 3.0
                },
                {
                    "value": 4.9,
                    "count": 3.0
                },
                {
                    "value": 4.8,
                    "count": 3.0
                },
                {
                    "value": 6.1,
                    "count": 3.0
                },
                {
                    "value": 4.6,
                    "count": 3.0
                },
                {
                    "value": 5.8,
                    "count": 3.0
                },
                {
                    "value": 4.0,
                    "count": 3.0
                },
                {
                    "value": 1.7,
                    "count": 3.0
                },
                {
                    "value": 6.7,
                    "count": 2.0
                },
                {
                    "value": 1.9,
                    "count": 2.0
                },
                {
                    "value": 5.5,
                    "count": 2.0
                },
                {
                    "value": 5.3,
                    "count": 2.0
                },
                {
                    "value": 5.2,
                    "count": 2.0
                },
                {
                    "value": 3.3,
                    "count": 2.0
                },
                {
                    "value": 4.3,
                    "count": 2.0
                },
                {
                    "value": 3.5,
                    "count": 2.0
                },
                {
                    "value": 3.9,
                    "count": 2.0
                },
                {
                    "value": 6.6,
                    "count": 1.0
                },
                {
                    "value": 6.0,
                    "count": 1.0
                },
                {
                    "value": 6.4,
                    "count": 1.0
                },
                {
                    "value": 6.3,
                    "count": 1.0
                },
                {
                    "value": 5.9,
                    "count": 1.0
                },
                {
                    "value": 1.1,
                    "count": 1.0
                },
                {
                    "value": 5.4,
                    "count": 1.0
                },
                {
                    "value": 4.4,
                    "count": 1.0
                },
                {
                    "value": 3.8,
                    "count": 1.0
                },
                {
                    "value": 3.7,
                    "count": 1.0
                },
                {
                    "value": 3.6,
                    "count": 1.0
                },
                {
                    "value": 3.0,
                    "count": 1.0
                },
                {
                    "value": 6.9,
                    "count": 1.0
                }
            ]
        }
    }
}