[
    {
        "test_score_gib": 1.0,
        "train_score": 1.0,
        "test_score": 1.0,
        "num_samples": 25,
        "fit_time": 659,
        "score_time": 438,
        "time": 1097,
        "parameters": {
            "max_depth": 6,
            "max_features": "auto",
            "min_samples_leaf": 1,
            "n_estimators": 100,
            "min_samples_split": 3
        },
        "done_at": 1691174695755,
        "split_id": 0
    },
    {
        "test_score_gib": 0.9953703703703703,
        "train_score": 1.0,
        "test_score": 0.9953703703703703,
        "num_samples": 25,
        "fit_time": 606,
        "score_time": 590,
        "time": 1196,
        "parameters": {
            "max_depth": 6,
            "max_features": "auto",
            "min_samples_leaf": 1,
            "n_estimators": 100,
            "min_samples_split": 3
        },
        "done_at": 1691174695871,
        "split_id": 1
    },
    {
        "test_score_gib": 0.9927662037037037,
        "train_score": 1.0,
        "test_score": 0.9927662037037037,
        "num_samples": 25,
        "fit_time": 872,
        "score_time": 403,
        "time": 1275,
        "parameters": {
            "max_depth": 6,
            "max_features": "auto",
            "min_samples_leaf": 1,
            "n_estimators": 100,
            "min_samples_split": 3
        },
        "done_at": 1691174695959,
        "split_id": 2
    },
    {
        "test_score_gib": 0.9920634920634921,
        "train_score": 1.0,
        "test_score": 0.9920634920634921,
        "num_samples": 24,
        "fit_time": 883,
        "score_time": 405,
        "time": 1288,
        "parameters": {
            "max_depth": 6,
            "max_features": "auto",
            "min_samples_leaf": 1,
            "n_estimators": 100,
            "min_samples_split": 3
        },
        "done_at": 1691174695986,
        "split_id": 3
    },
    {
        "test_score_gib": 0.9947089947089947,
        "train_score": 1.0,
        "test_score": 0.9947089947089947,
        "num_samples": 24,
        "fit_time": 724,
        "score_time": 296,
        "time": 1020,
        "parameters": {
            "max_depth": 6,
            "max_features": "auto",
            "min_samples_leaf": 1,
            "n_estimators": 100,
            "min_samples_split": 3
        },
        "done_at": 1691174696801,
        "split_id": 4
    },
    {
        "test_score_gib": 1.0,
        "train_score": 1.0,
        "test_score": 1.0,
        "num_samples": 25,
        "fit_time": 753,
        "score_time": 226,
        "time": 979,
        "parameters": {
            "max_depth": 12,
            "max_features": "auto",
            "min_samples_leaf": 1,
            "n_estimators": 100,
            "min_samples_split": 3
        },
        "done_at": 1691174696851,
        "split_id": 0
    },
    {
        "test_score_gib": 0.9907407407407407,
        "train_score": 1.0,
        "test_score": 0.9907407407407407,
        "num_samples": 25,
        "fit_time": 712,
        "score_time": 332,
        "time": 1044,
        "parameters": {
            "max_depth": 12,
            "max_features": "auto",
            "min_samples_leaf": 1,
            "n_estimators": 100,
            "min_samples_split": 3
        },
        "done_at": 1691174697033,
        "split_id": 1
    },
    {
        "test_score_gib": 0.9927662037037037,
        "train_score": 1.0,
        "test_score": 0.9927662037037037,
        "num_samples": 25,
        "fit_time": 687,
        "score_time": 328,
        "time": 1015,
        "parameters": {
            "max_depth": 12,
            "max_features": "auto",
            "min_samples_leaf": 1,
            "n_estimators": 100,
            "min_samples_split": 3
        },
        "done_at": 1691174697025,
        "split_id": 2
    },
    {
        "test_score_gib": 0.9920634920634921,
        "train_score": 1.0,
        "test_score": 0.9920634920634921,
        "num_samples": 24,
        "fit_time": 373,
        "score_time": 95,
        "time": 468,
        "parameters": {
            "max_depth": 12,
            "max_features": "auto",
            "min_samples_leaf": 1,
            "n_estimators": 100,
            "min_samples_split": 3
        },
        "done_at": 1691174697275,
        "split_id": 3
    },
    {
        "test_score_gib": 0.9947089947089947,
        "train_score": 1.0,
        "test_score": 0.9947089947089947,
        "num_samples": 24,
        "fit_time": 327,
        "score_time": 101,
        "time": 428,
        "parameters": {
            "max_depth": 12,
            "max_features": "auto",
            "min_samples_leaf": 1,
            "n_estimators": 100,
            "min_samples_split": 3
        },
        "done_at": 1691174697281,
        "split_id": 4
    }
]