{
    "startedAt": 1691174694600,
    "gridSize": 2,
    "nThreads": 4,
    "nSplits": 5,
    "metric": "ROC_AUC",
    "timeout": null,
    "gridPoints": [
        {
            "finishedAt": 1691174696801,
            "score": 0.9950077563771669,
            "testScoreGibMean": 0.9950077563771669,
            "testScoreMean": 0.9950077563771669,
            "testScoreStd": 0.0027968542336656243,
            "trainScoreMean": 1.0,
            "trainScoreStd": 0.0,
            "time": 5876,
            "fitTimeMean": 748.8,
            "fitTimeStd": 111.5874544919813,
            "scoreTimeMean": 426.4,
            "scoreTimeStd": 94.77256987124493,
            "parameters": {
                "max_depth": 6,
                "max_features": "auto",
                "min_samples_leaf": 1,
                "n_estimators": 100,
                "min_samples_split": 3
            }
        },
        {
            "finishedAt": 1691174697281,
            "score": 0.9940667747451284,
            "testScoreGibMean": 0.9940667747451284,
            "testScoreMean": 0.9940667747451284,
            "testScoreStd": 0.003257440314558841,
            "trainScoreMean": 1.0,
            "trainScoreStd": 0.0,
            "time": 3934,
            "fitTimeMean": 570.4,
            "fitTimeStd": 181.76864416064726,
            "scoreTimeMean": 216.4,
            "scoreTimeStd": 103.88955674176303,
            "parameters": {
                "max_depth": 12,
                "max_features": "auto",
                "min_samples_leaf": 1,
                "n_estimators": 100,
                "min_samples_split": 3
            }
        }
    ]
}