{
    "modelInputNRows": 123,
    "modelInputNCols": 4,
    "modelInputIsSparse": false,
    "modelInputMemory": 3936,
    "usedGridSearch": true,
    "gridSize": 2,
    "gridBestScore": 0.9950077563771669,
    "gridCells": [
        {
            "params": {
                "max_depth": 6,
                "max_features": "auto",
                "min_samples_leaf": 1,
                "n_estimators": 100,
                "min_samples_split": 3
            },
            "score": 0.9950077563771669,
            "scoreStd": 0.0027968542336656243,
            "fitTime": 0.7487999999999999,
            "fitTimeStd": 0.1115874544919813,
            "scoreTime": 0.4264,
            "scoreTimeStd": 0.09477256987124492
        },
        {
            "params": {
                "max_depth": 12,
                "max_features": "auto",
                "min_samples_leaf": 1,
                "n_estimators": 100,
                "min_samples_split": 3
            },
            "score": 0.9940667747451284,
            "scoreStd": 0.003257440314558841,
            "fitTime": 0.5704,
            "fitTimeStd": 0.18176864416064725,
            "scoreTime": 0.2164,
            "scoreTimeStd": 0.10388955674176303
        }
    ],
    "rawImportance": {
        "variables": [
            "sepal_width",
            "petal_width",
            "sepal_length",
            "petal_length"
        ],
        "importances": [
            0.021969049781430303,
            0.42061314775607106,
            0.09861626952395844,
            0.45880153293854026
        ]
    },
    "probaAware": true
}