{
    "metrics": {
        "customMetricsResults": [],
        "precision": 1.0,
        "recall": 1.0,
        "f1": 1.0,
        "accuracy": 1.0,
        "hammingLoss": 0.0,
        "mcalibrationLoss": 0.02317151452533706,
        "mrocAUC": 1.0,
        "averagePrecision": 1.0,
        "logLoss": 0.03844899078098602
    },
    "processed_feature_names": [
        "sepal_width",
        "petal_width",
        "sepal_length",
        "petal_length"
    ],
    "classes": [
        "Virginica",
        "Versicolor",
        "Setosa"
    ],
    "confusion": {
        "totalRows": 27,
        "perActual": {
            "Virginica": {
                "actualClassCount": 5.0,
                "perPredicted": {
                    "Virginica": 5,
                    "Versicolor": 0,
                    "Setosa": 0
                }
            },
            "Versicolor": {
                "actualClassCount": 12.0,
                "perPredicted": {
                    "Virginica": 0,
                    "Versicolor": 12,
                    "Setosa": 0
                }
            },
            "Setosa": {
                "actualClassCount": 10.0,
                "perPredicted": {
                    "Virginica": 0,
                    "Versicolor": 0,
                    "Setosa": 10
                }
            }
        }
    },
    "oneVsAllCalibrationLoss": {
        "Virginica": 0.03401653104726482,
        "Versicolor": 0.034757271788005625,
        "Setosa": 0.0007407407407407414
    },
    "oneVsAllCalibrationCurves": {
        "Virginica": [
            {
                "y": 0,
                "x": 0,
                "n": 0
            },
            {
                "y": 0.0,
                "x": 0.009466621839794112,
                "n": 20.0
            },
            {
                "y": 0.0,
                "x": 0.2582855541626647,
                "n": 2.0
            },
            {
                "y": 1.0,
                "x": 0.8572906582979317,
                "n": 1.0
            },
            {
                "y": 1.0,
                "x": 0.9825416371367824,
                "n": 4.0
            },
            {
                "y": 1,
                "x": 1,
                "n": 0
            }
        ],
        "Versicolor": [
            {
                "y": 0,
                "x": 0,
                "n": 0
            },
            {
                "y": 0.0,
                "x": 0.00641667510377645,
                "n": 14.0
            },
            {
                "y": 0.0,
                "x": 0.14270934170206837,
                "n": 1.0
            },
            {
                "y": 1.0,
                "x": 0.7417144458373353,
                "n": 2.0
            },
            {
                "y": 1.0,
                "x": 0.9810667563204116,
                "n": 10.0
            },
            {
                "y": 1,
                "x": 1,
                "n": 0
            }
        ],
        "Setosa": [
            {
                "y": 0,
                "x": 0,
                "n": 0
            },
            {
                "y": 0.0,
                "x": 0.0,
                "n": 17.0
            },
            {
                "y": 1.0,
                "x": 0.998,
                "n": 10.0
            },
            {
                "y": 1,
                "x": 1,
                "n": 0
            }
        ]
    },
    "oneVsAllRocAUC": {
        "Virginica": 1.0,
        "Versicolor": 1.0,
        "Setosa": 1.0
    },
    "oneVsAllRocCurves": {
        "Virginica": [
            {
                "x": 0.0,
                "y": 0.0,
                "p": 2.0
            },
            {
                "x": 0.0,
                "y": 0.2,
                "p": 1.0
            },
            {
                "x": 0.0,
                "y": 1.0,
                "p": 0.8572906582979317
            },
            {
                "x": 0.3181818181818182,
                "y": 1.0,
                "p": 0.01535700177760221
            },
            {
                "x": 0.4090909090909091,
                "y": 1.0,
                "p": 0.0045783132530120485
            },
            {
                "x": 1.0,
                "y": 1.0,
                "p": 0.0
            }
        ],
        "Versicolor": [
            {
                "x": 0.0,
                "y": 0.0,
                "p": 2.0
            },
            {
                "x": 0.0,
                "y": 0.25,
                "p": 1.0
            },
            {
                "x": 0.0,
                "y": 1.0,
                "p": 0.7132678799808364
            },
            {
                "x": 0.3333333333333333,
                "y": 1.0,
                "p": 0.004411764705882353
            },
            {
                "x": 1.0,
                "y": 1.0,
                "p": 0.0
            }
        ],
        "Setosa": [
            {
                "x": 0.0,
                "y": 0.0,
                "p": 2.0
            },
            {
                "x": 0.0,
                "y": 0.9,
                "p": 1.0
            },
            {
                "x": 0.0,
                "y": 1.0,
                "p": 0.98
            },
            {
                "x": 1.0,
                "y": 1.0,
                "p": 0.0
            }
        ]
    },
    "oneVsAllAveragePrecision": {
        "Virginica": 1.0,
        "Versicolor": 1.0,
        "Setosa": 1.0
    },
    "oneVsAllPrCurves": {
        "Virginica": {
            "bins": [
                {
                    "x": 1.0,
                    "y": 1.0,
                    "p": 0.8572906582979317
                },
                {
                    "x": 0.8,
                    "y": 1.0,
                    "p": 0.944578313253012
                },
                {
                    "x": 0.6,
                    "y": 1.0,
                    "p": 0.99
                },
                {
                    "x": 0.4,
                    "y": 1.0,
                    "p": 0.9955882352941177
                },
                {
                    "x": 0.2,
                    "y": 1.0,
                    "p": 1.0
                }
            ],
            "positiveRate": 0.18518518518518517
        },
        "Versicolor": {
            "bins": [
                {
                    "x": 1.0,
                    "y": 1.0,
                    "p": 0.7132678799808364
                },
                {
                    "x": 0.9166666666666666,
                    "y": 1.0,
                    "p": 0.770161011693834
                },
                {
                    "x": 0.8333333333333334,
                    "y": 1.0,
                    "p": 0.9437030767698894
                },
                {
                    "x": 0.75,
                    "y": 1.0,
                    "p": 0.946084858230994
                },
                {
                    "x": 0.6666666666666666,
                    "y": 1.0,
                    "p": 0.9692213114754098
                },
                {
                    "x": 0.5833333333333334,
                    "y": 1.0,
                    "p": 0.9761719450114507
                },
                {
                    "x": 0.5,
                    "y": 1.0,
                    "p": 0.9846429982223978
                },
                {
                    "x": 0.4166666666666667,
                    "y": 1.0,
                    "p": 0.9954216867469878
                },
                {
                    "x": 0.3333333333333333,
                    "y": 1.0,
                    "p": 0.995421686746988
                },
                {
                    "x": 0.25,
                    "y": 1.0,
                    "p": 1.0
                }
            ],
            "positiveRate": 0.4444444444444444
        },
        "Setosa": {
            "bins": [
                {
                    "x": 1.0,
                    "y": 1.0,
                    "p": 0.98
                },
                {
                    "x": 0.9,
                    "y": 1.0,
                    "p": 1.0
                }
            ],
            "positiveRate": 0.37037037037037035
        }
    },
    "densityData": {
        "Virginica": {
            "actualIsThisClass": [
                1.547591072622233e-93,
                2.3470253150526476e-91,
                3.353753168925129e-89,
                4.515399516346555e-87,
                5.728132195586443e-85,
                6.846705475579614e-83,
                7.710845906423621e-81,
                8.18227678156858e-79,
                8.180843266333893e-77,
                7.706793851383018e-75,
                6.840709945000071e-73,
                5.721111001742983e-71,
                4.5082847194579657e-69,
                3.347295563214179e-67,
                2.341685419013247e-65,
                1.543529042985585e-63,
                9.58633989564089e-62,
                5.609738348165243e-60,
                3.0930301325361518e-58,
                1.606857857118031e-56,
                7.865431161340941e-55,
                3.627599824011673e-53,
                1.576405617680839e-51,
                6.454585225151395e-50,
                2.4901211050301707e-48,
                9.051579346300758e-47,
                3.1001308181101413e-45,
                1.0004316943040556e-43,
                3.041911870052135e-42,
                8.714803057702279e-41,
                2.3524493994223825e-39,
                5.983217192504434e-38,
                1.4338410493762943e-36,
                3.237568866510587e-35,
                6.88793094638703e-34,
                1.3807349494882475e-32,
                2.607856050483088e-31,
                4.6409690987099645e-30,
                7.781897427258045e-29,
                1.229459115985419e-27,
                1.830182695510342e-26,
                2.56700409839669e-25,
                3.392426470971898e-24,
                4.224215721799441e-23,
                4.956025107212559e-22,
                5.478638827881147e-21,
                5.706418359813858e-20,
                5.600235748791607e-19,
                5.1784617747132345e-18,
                4.5117705397063486e-17,
                3.703778425043127e-16,
                2.8648029495280713e-15,
                2.087835496815951e-14,
                1.4336712081186473e-13,
                9.275869178832332e-13,
                5.654724255280844e-12,
                3.2480298791228847e-11,
                1.7578441497490787e-10,
                8.963806887730301e-10,
                4.306816737018051e-09,
                1.9497192414727737e-08,
                8.316480291449964e-08,
                3.342403449533949e-07,
                1.265697849251276e-06,
                4.515991784069436e-06,
                1.5181975471805837e-05,
                4.80900972805896e-05,
                0.000143527647255346,
                0.00040361615292221773,
                0.0010694375977392272,
                0.002669916989795086,
                0.006280553536834869,
                0.013920666989275146,
                0.029073077763823608,
                0.05721400690972815,
                0.10609953646936836,
                0.18542015481541158,
                0.3054129853253012,
                0.47423917682684025,
                0.6944521925705816,
                0.9595885474676258,
                1.2524759375727206,
                1.546834497920818,
                1.8128576599421773,
                2.0258489110137674,
                2.175325365552626,
                2.2711870651860186,
                2.3442077880371466,
                2.440087070627048,
                2.608687539324964,
                2.891665784965998,
                3.3117693659419727,
                3.8658556105473125,
                4.522203604955808,
                5.2219615153502765,
                5.884816689806227,
                6.419405677404708,
                6.738443510894089,
                6.77660422625061,
                6.506722715298156
            ],
            "actualIsNotThisClass": [
                7.899280334992499,
                7.976557483761408,
                7.660809595316512,
                7.007738221454298,
                6.115280609117943,
                5.09966834177694,
                4.07131539192617,
                3.1171721170523865,
                2.292623334894991,
                1.622250384765715,
                1.1063864078770815,
                0.7298587610574953,
                0.4701425941803594,
                0.3034658086316715,
                0.2085150562803471,
                0.1680330452256692,
                0.16884880006522365,
                0.20093783505664845,
                0.25609828742977153,
                0.3267702126449389,
                0.40537862128788243,
                0.48433300883740815,
                0.556530724713241,
                0.6160116862116302,
                0.6584037984596331,
                0.6809875825981548,
                0.6824761368077122,
                0.6627767610161616,
                0.622960424454754,
                0.5654490451410539,
                0.49419866510152666,
                0.41457978158587766,
                0.33279259070480455,
                0.254913762412899,
                0.18588462580929285,
                0.12879251349471343,
                0.08465969080076717,
                0.05273439883885699,
                0.031099795504713423,
                0.017353170121334825,
                0.009156800109322613,
                0.004567666025911799,
                0.002153350624205494,
                0.0009592243564517538,
                0.0004036908000786311,
                0.0001604928512382924,
                6.027094236625504e-05,
                2.137873178160338e-05,
                7.1624284907175504e-06,
                2.2663685626348475e-06,
                6.773038883375652e-07,
                1.9116694784297484e-07,
                5.0958129041924204e-08,
                1.282868410756405e-08,
                3.0501149610162163e-09,
                6.848791546044942e-10,
                1.4523591058960812e-10,
                2.9086766582982314e-11,
                5.501454906218957e-12,
                9.826974879430602e-13,
                1.6577611115061225e-13,
                2.6410924233401786e-14,
                3.973787236310549e-15,
                5.646571643574781e-16,
                7.577469486745898e-17,
                9.603346479417297e-18,
                1.1494232982869865e-18,
                1.2992608474870185e-19,
                1.3869845941978366e-20,
                1.3983176298227796e-21,
                1.3313704851470034e-22,
                1.197156428342104e-23,
                1.0166272733105244e-24,
                8.153263591491225e-26,
                6.175328681781285e-27,
                4.417204824513748e-28,
                2.9839659350164544e-29,
                1.9037023481698193e-30,
                1.1469991360159362e-31,
                6.526584957080094e-33,
                3.5072583642066675e-34,
                1.7799523748214965e-35,
                8.531155604487549e-37,
                3.8615903686065226e-38,
                1.6507579590481794e-39,
                6.664375437219476e-41,
                2.5409397541611837e-42,
                9.149305702385462e-44,
                3.111291963573572e-45,
                9.99199604196789e-47,
                3.030557979027257e-48,
                8.680641056002001e-50,
                2.3482258121622036e-51,
                5.999109295606316e-53,
                1.4474132653111464e-54,
                3.298049582110762e-56,
                7.097095838458323e-58,
                1.4423246206564871e-59,
                2.7682430722788774e-61,
                5.017695286464691e-63
            ],
            "actualIsThisClassMedian": 0.99,
            "actualIsNotThisClassMedian": 0.0
        },
        "Versicolor": {
            "actualIsThisClass": [
                2.0215296539321073e-32,
                1.5486235628399079e-31,
                1.1523908057286701e-30,
                8.329940443942074e-30,
                5.848873325906775e-29,
                3.98924549067469e-28,
                2.6430024288778152e-27,
                1.7009542880252084e-26,
                1.063349513845655e-25,
                6.457252738202159e-25,
                3.808973347124142e-24,
                2.182511483990488e-23,
                1.214768889871512e-22,
                6.567791851262536e-22,
                3.449322372145941e-21,
                1.759693301130705e-20,
                8.720253120226454e-20,
                4.1976890361414164e-19,
                1.962820875357379e-18,
                8.915393362354052e-18,
                3.9335984705761406e-17,
                1.6858910283623794e-16,
                7.018741703728229e-16,
                2.838439871162149e-15,
                1.1150421228677315e-14,
                4.2549506468005925e-14,
                1.5772120795991478e-13,
                5.679089674087872e-13,
                1.986375294269256e-12,
                6.7489913232326966e-12,
                2.2274740034288653e-11,
                7.141411658304894e-11,
                2.224102698853795e-10,
                6.72863462293117e-10,
                1.977437394490387e-09,
                5.645273532741958e-09,
                1.5655860308184662e-08,
                4.217765295509439e-08,
                1.1038394214639084e-07,
                2.806420190434705e-07,
                6.931528450767176e-07,
                1.6631910572017898e-06,
                3.877043391692861e-06,
                8.780406735915562e-06,
                1.931949919024625e-05,
                4.130077408585674e-05,
                8.57862786284208e-05,
                0.00017313853937412984,
                0.0003395534395977435,
                0.000647123063425405,
                0.001198561072232929,
                0.002157561224713061,
                0.003775170261797554,
                0.006421369356646297,
                0.010619180606188678,
                0.017076127961327254,
                0.026705136986059207,
                0.040624624783255424,
                0.06012654569532007,
                0.08660252728247671,
                0.12142270527650795,
                0.1657695497324668,
                0.2204390131653868,
                0.2856318462272445,
                0.3607663153822285,
                0.44434716179503503,
                0.5339226106778391,
                0.6261512886160903,
                0.7169856282019782,
                0.8019608952637549,
                0.8765631898811009,
                0.9366389721235382,
                0.9788046909332188,
                1.00081790772416,
                1.001879261979521,
                0.9828452503188352,
                0.9463426201345271,
                0.8967842910548273,
                0.8402928082781952,
                0.7845395231618214,
                0.7385054328201289,
                0.7121629334136995,
                0.7160679270053251,
                0.7608419077892769,
                0.8565189016057592,
                1.0117384800315927,
                1.2327885436168085,
                1.5225416519028412,
                1.8793821318393016,
                2.29627723183142,
                2.760188122612817,
                3.2520276962211585,
                3.747337353380639,
                4.2177686629409,
                4.633325381063947,
                4.965168516388685,
                5.188644764638167,
                5.286103454829956,
                5.249049814700628,
                5.079257562369488
            ],
            "actualIsNotThisClass": [
                14.773660161522997,
                14.135893110447551,
                11.384586572150967,
                7.897632401129549,
                4.942295908428772,
                2.99636519811689,
                1.8654953842270952,
                1.1799552611514945,
                0.7222828711470871,
                0.4483125156091222,
                0.3766070593856786,
                0.5035112579080281,
                0.7659346977520209,
                1.036768554029431,
                1.169782128349516,
                1.0861910602915386,
                0.8280689042848859,
                0.5180848476358022,
                0.2659965424714379,
                0.11206905677814685,
                0.038746186849661045,
                0.010992729666494089,
                0.002559265952639997,
                0.0004889433855484502,
                7.665403411052449e-05,
                9.861539978411652e-06,
                1.04108873547839e-06,
                9.019117376817644e-08,
                6.411706207274276e-09,
                3.740386433725427e-10,
                1.7905754092003265e-11,
                7.033994788824405e-13,
                2.2674867207831423e-14,
                5.998197288965968e-16,
                1.3020570811392285e-17,
                2.3193836163219786e-19,
                3.390380410852629e-21,
                4.066844423175773e-23,
                4.0031325570736116e-25,
                3.2335208634780436e-27,
                2.143308307891083e-29,
                1.1658076773432928e-31,
                5.203582666610944e-34,
                1.9059490613332112e-36,
                5.7286647079127807e-39,
                1.4129565361903323e-41,
                2.859812005610258e-44,
                4.749845145519763e-47,
                6.473731764360126e-50,
                7.24041124319585e-53,
                6.6451540177339425e-56,
                5.004724231040099e-59,
                3.093061367709278e-62,
                1.5686649938571992e-65,
                6.5283759622605e-69,
                2.229530371153729e-72,
                6.248199852401636e-76,
                1.4369104905043232e-79,
                2.7116760314059025e-83,
                4.1993219597133765e-87,
                5.336466990834569e-91,
                5.564956392326747e-95,
                4.762149083976584e-99,
                3.3440864248711814e-103,
                1.927015829202412e-107,
                9.112265290372004e-112,
                3.5359060064267575e-116,
                1.1259221221612011e-120,
                2.942044764397309e-125,
                6.30846189720978e-130,
                1.1100204397381899e-134,
                1.6027720162263453e-139,
                1.8990911515260008e-144,
                1.84651633114694e-149,
                1.4733087886419612e-154,
                9.646453824036219e-160,
                5.182924514320978e-165,
                2.2851534117181254e-170,
                8.267784015206991e-176,
                2.454687255804538e-181,
                5.980486256499436e-187,
                1.19566663166381e-192,
                1.9616295970649777e-198,
                2.640931796894859e-204,
                2.9176329114139517e-210,
                2.6450713817283985e-216,
                1.9677840129666462e-222,
                1.2012979688446655e-228,
                6.01807147438491e-235,
                2.473985920543084e-241,
                8.345846443419915e-248,
                2.310345012612806e-254,
                5.248274877880392e-261,
                9.783395045327698e-268,
                1.4965660581781832e-274,
                1.8786050089465588e-281,
                1.935121973284147e-288,
                1.6357408382281894e-295,
                1.1346291380416926e-302,
                6.4584254658469e-310
            ],
            "actualIsThisClassMedian": 0.9804074716169242,
            "actualIsNotThisClassMedian": 0.0
        },
        "Setosa": {
            "actualIsThisClass": [
                0.0,
                0.0,
                0.0,
                0.0,
                0.0,
                0.0,
                0.0,
                0.0,
                0.0,
                0.0,
                0.0,
                0.0,
                0.0,
                0.0,
                0.0,
                0.0,
                0.0,
                0.0,
                0.0,
                0.0,
                0.0,
                0.0,
                0.0,
                0.0,
                0.0,
                0.0,
                0.0,
                0.0,
                0.0,
                0.0,
                0.0,
                0.0,
                0.0,
                0.0,
                0.0,
                0.0,
                0.0,
                0.0,
                0.0,
                0.0,
                0.0,
                0.0,
                0.0,
                0.0,
                0.0,
                0.0,
                0.0,
                0.0,
                0.0,
                0.0,
                0.0,
                0.0,
                0.0,
                0.0,
                0.0,
                0.0,
                0.0,
                0.0,
                0.0,
                0.0,
                0.0,
                0.0,
                0.0,
                0.0,
                0.0,
                0.0,
                0.0,
                0.0,
                0.0,
                0.0,
                0.0,
                0.0,
                0.0,
                0.0,
                0.0,
                0.0,
                0.0,
                0.0,
                0.0,
                0.0,
                0.0,
                0.0,
                4.03773870218426e-310,
                3.6365876019395105e-270,
                5.8017461556096585e-233,
                1.63957851523269e-198,
                8.207568964438184e-167,
                7.277893375126363e-138,
                1.1431564285675571e-111,
                3.1806396126529087e-88,
                1.5675885774133974e-67,
                1.3685433012637807e-49,
                2.1163808463492455e-34,
                5.797462229288481e-22,
                2.8131368489952943e-12,
                2.417979516261353e-05,
                0.36814864098206457,
                9.92921447345256,
                4.240077222738997,
                89.47375302679654
            ],
            "actualIsNotThisClass": [
                6.649038006690549,
                6.5554796911336215,
                6.282629639171327,
                5.852881928156013,
                5.300164989071954,
                4.665523019957105,
                3.9921109783545856,
                3.3204442810172954,
                2.6846094192336265,
                2.109878001500695,
                1.6118510263187715,
                1.1969714116434234,
                0.8640402568744878,
                0.6062831502183031,
                0.413531256855618,
                0.27417793800488,
                0.17670465570345845,
                0.11070182997499758,
                0.06741443976477458,
                0.039906384351700845,
                0.02296271068856893,
                0.012843850706602548,
                0.006983267288234304,
                0.0036907395886368252,
                0.0018960922499399882,
                0.0009468841449333395,
                0.0004596481830883716,
                0.00021689301838119054,
                9.948484306697844e-05,
                4.435673665966647e-05,
                1.9224434669107515e-05,
                8.099139681147428e-06,
                3.316771266198104e-06,
                1.3203329981216885e-06,
                5.109080600652312e-07,
                1.921734348091119e-07,
                7.026438876894169e-08,
                2.4972873340449508e-08,
                8.627661111465773e-09,
                2.897403385039535e-09,
                9.458367189860707e-10,
                3.001336560856245e-10,
                9.25773081837299e-11,
                2.7757843372505753e-11,
                8.090180560754591e-12,
                2.2920391415224625e-12,
                6.312147909311619e-13,
                1.6897545543398227e-13,
                4.397050019882613e-14,
                1.1122195080176959e-14,
                2.7347078169043515e-15,
                6.536160040635582e-16,
                1.5185382816000084e-16,
                3.4294157149995305e-17,
                7.528454746928097e-18,
                1.606507940604118e-18,
                3.332354764804903e-19,
                6.719096928010353e-20,
                1.3169276117380123e-20,
                2.5090205741653962e-21,
                4.646627553078064e-22,
                8.364939914604829e-23,
                1.4637911257228726e-23,
                2.4899275799521864e-24,
                4.1170452779825995e-25,
                6.617224857178995e-26,
                1.0338498364527016e-26,
                1.5701109991575785e-27,
                2.317899331792898e-28,
                3.3262133804498845e-29,
                4.6397754641865286e-30,
                6.291223923923186e-31,
                8.292102167036872e-32,
                1.0623936522947844e-32,
                1.3231150566824046e-33,
                1.6017734019590148e-34,
                1.884932773450924e-35,
                2.15616491598625e-36,
                2.3975043640803036e-37,
                2.591362437698802e-38,
                2.7226275444951377e-39,
                2.7806071183273963e-40,
                2.760465655566921e-41,
                2.6638906156297154e-42,
                2.4988589877891025e-43,
                2.27854931426715e-44,
                2.019604999709249e-45,
                1.7400661699531155e-46,
                1.4573249886681088e-47,
                1.1864197881985633e-48,
                9.38883427326247e-50,
                7.222312675966732e-51,
                5.400478250449476e-52,
                3.9253598676783947e-53,
                2.773435411165117e-54,
                1.9047937453291762e-55,
                1.2716546335106672e-56,
                8.252427572645747e-58,
                5.2057773145751974e-59,
                3.1921314962599896e-60
            ],
            "actualIsThisClassMedian": 1.0,
            "actualIsNotThisClassMedian": 0.0
        }
    },
    "globalMetrics": {
        "testWeight": 27,
        "targetAvg": [
            0.18518518518518517,
            0.4444444444444444,
            0.37037037037037035
        ],
        "targetStd": [
            0.39584739066356966,
            0.5063696835418333,
            0.49210287762341137
        ],
        "predictionAvg": [
            0.20345780562838048,
            0.42691256474198985,
            0.36962962962962964
        ],
        "predictionStd": [
            0.3663490842515223,
            0.46484537800880044,
            0.48195190694048146
        ]
    }
}