{
  "state": "DONE",
  "preSearchDescription": {
    "gridLength": 2,
    "searchStrategy": "GRID",
    "importantParams": [
      {
        "name": "trees",
        "vals": [
          "100"
        ]
      },
      {
        "name": "depth",
        "vals": [
          "6",
          "12"
        ]
      },
      {
        "name": "min_samples",
        "vals": [
          "1"
        ]
      }
    ]
  },
  "postSearchDescription": {
    "importantParams": [
      {
        "name": "trees",
        "val": "100"
      },
      {
        "name": "depth",
        "val": "6"
      },
      {
        "name": "min_samples",
        "val": "1"
      }
    ]
  },
  "resumed": false,
  "timeOrderingEnabled": false,
  "sampleWeightsEnabled": false,
  "modelId": "m1",
  "progress": {
    "top_level_todo": [],
    "stack": [],
    "top_level_done": [
      {
        "name": "Loading train set",
        "time": 8
      },
      {
        "name": "Loading test set",
        "time": 4
      },
      {
        "name": "Collecting statistics",
        "time": 8
      },
      {
        "name": "Preprocessing train set",
        "time": 17
      },
      {
        "name": "Preprocessing test set",
        "time": 16
      },
      {
        "name": "Hyperparameter searching",
        "time": 3047
      },
      {
        "name": "Fitting model",
        "time": 173
      },
      {
        "name": "Saving model",
        "time": 9
      },
      {
        "name": "Scoring model",
        "time": 153
      },
      {
        "name": "Preparing explainability",
        "time": 383
      }
    ]
  },
  "startTime": 1691174694521,
  "endTime": 1691174698341,
  "preprocessingTime": 55,
  "trainingTime": 3765,
  "hyperparamsSearchTime": 3047,
  "pythonVersion": "3.9.16"
}