{
    "per_feature": {
        "sepal_width": {
            "stats": {
                "min": 2.0,
                "average": 3.040650406504066,
                "median": 3.0,
                "max": 4.4,
                "p99": 4.178,
                "std": 0.4435027119095721
            },
            "missing_impute_with_value": 3.040650406504066
        },
        "variety": {
            "stats": {}
        },
        "petal_width": {
            "stats": {
                "min": 0.1,
                "average": 1.2252032520325205,
                "median": 1.3,
                "max": 2.5,
                "p99": 2.5,
                "std": 0.7740243457787296
            },
            "missing_impute_with_value": 1.2252032520325205
        },
        "sepal_length": {
            "stats": {
                "min": 4.3,
                "average": 5.860162601626017,
                "median": 5.8,
                "max": 7.9,
                "p99": 7.7,
                "std": 0.8370263365618158
            },
            "missing_impute_with_value": 5.860162601626017
        },
        "petal_length": {
            "stats": {
                "min": 1.1,
                "average": 3.813821138211383,
                "median": 4.3,
                "max": 6.9,
                "p99": 6.7,
                "std": 1.7753007227708844
            },
            "missing_impute_with_value": 3.813821138211383
        }
    },
    "feature_order": [
        "sepal_width",
        "variety",
        "petal_width",
        "sepal_length",
        "petal_length"
    ]
}