{
  "name": "Introduction and Usage",
  "layout": "WIKI_ARTICLE",
  "attachments": [],
  "versionTag": {
    "versionNumber": 11,
    "lastModifiedBy": {
      "login": "lawrence.mulligan"
    },
    "lastModifiedOn": 1694637618720,
    "extendedProperties": {}
  },
  "creationTag": {
    "versionNumber": 0,
    "lastModifiedBy": {
      "login": "lawrence.mulligan"
    },
    "lastModifiedOn": 1691767758905,
    "extendedProperties": {}
  },
  "tags": [],
  "customFields": {},
  "checklists": {
    "checklists": []
  }
}