{
  "name": "Scenarios",
  "layout": "WIKI_ARTICLE",
  "attachments": [
    {
      "attachmentType": "FILE",
      "smartId": "BrRuPdBsySos",
      "details": {
        "objectDisplayName": "Scenario_Trigger.png",
        "size": 52957,
        "mimeType": "image/png"
      },
      "attachedBy": "lawrence.mulligan",
      "attachedOn": 1704379492240
    },
    {
      "attachmentType": "FILE",
      "smartId": "w8Tr1f5y66j1",
      "details": {
        "objectDisplayName": "Step Details.png",
        "size": 78719,
        "mimeType": "image/png"
      },
      "attachedBy": "lawrence.mulligan",
      "attachedOn": 1704379562895
    }
  ],
  "versionTag": {
    "versionNumber": 5,
    "lastModifiedBy": {
      "login": "lawrence.mulligan"
    },
    "lastModifiedOn": 1704379580010,
    "extendedProperties": {}
  },
  "creationTag": {
    "versionNumber": 0,
    "lastModifiedBy": {
      "login": "lawrence.mulligan"
    },
    "lastModifiedOn": 1694636875415,
    "extendedProperties": {}
  },
  "tags": [],
  "customFields": {},
  "checklists": {
    "checklists": []
  }
}