{
  "name": "Release Notes",
  "layout": "WIKI_ARTICLE",
  "attachments": [],
  "versionTag": {
    "versionNumber": 2,
    "lastModifiedBy": {
      "login": "lawrence.mulligan"
    },
    "lastModifiedOn": 1704380365186,
    "extendedProperties": {}
  },
  "creationTag": {
    "versionNumber": 0,
    "lastModifiedBy": {
      "login": "lawrence.mulligan"
    },
    "lastModifiedOn": 1694628934125,
    "extendedProperties": {}
  },
  "tags": [],
  "customFields": {},
  "checklists": {
    "checklists": []
  }
}