{
  "name": "Technical Requirements",
  "layout": "WIKI_ARTICLE",
  "attachments": [],
  "versionTag": {
    "versionNumber": 1,
    "lastModifiedBy": {
      "login": "lawrence.mulligan"
    },
    "lastModifiedOn": 1694629443802,
    "extendedProperties": {}
  },
  "creationTag": {
    "versionNumber": 0,
    "lastModifiedBy": {
      "login": "lawrence.mulligan"
    },
    "lastModifiedOn": 1694628954892,
    "extendedProperties": {}
  },
  "tags": [],
  "customFields": {},
  "checklists": {
    "checklists": []
  }
}