{
  "name": "Configurations",
  "layout": "WIKI_ARTICLE",
  "attachments": [
    {
      "attachmentType": "FILE",
      "smartId": "MMYEGofQZwef",
      "details": {
        "objectDisplayName": "Remove_Root_Filesystem_Commented.png",
        "size": 18983,
        "mimeType": "image/png"
      },
      "attachedBy": "lawrence.mulligan",
      "attachedOn": 1694636809243
    },
    {
      "attachmentType": "FILE",
      "smartId": "ZpbIndcbe4vH",
      "details": {
        "objectDisplayName": "Remove_Root_Filesystem_Uncommented.png",
        "size": 18733,
        "mimeType": "image/png"
      },
      "attachedBy": "lawrence.mulligan",
      "attachedOn": 1694636809243
    },
    {
      "attachmentType": "FILE",
      "smartId": "A6RKwbIMxtNE",
      "details": {
        "objectDisplayName": "Metastore_Catalog_Verification.png",
        "size": 22378,
        "mimeType": "image/png"
      },
      "attachedBy": "lawrence.mulligan",
      "attachedOn": 1694636809243
    },
    {
      "attachmentType": "FILE",
      "smartId": "DUFR8bab5dVD",
      "details": {
        "objectDisplayName": "Cloud_Provider.png",
        "size": 17579,
        "mimeType": "image/png"
      },
      "attachedBy": "lawrence.mulligan",
      "attachedOn": 1694636809243
    },
    {
      "attachmentType": "FILE",
      "smartId": "xVfFzNpZuUat",
      "details": {
        "objectDisplayName": "Cloud_Provider_Values.png",
        "size": 81439,
        "mimeType": "image/png"
      },
      "attachedBy": "lawrence.mulligan",
      "attachedOn": 1694636809243
    },
    {
      "attachmentType": "FILE",
      "smartId": "xHxVFbS1NRYL",
      "details": {
        "objectDisplayName": "Notebook_Containerized_Execution.png",
        "size": 54777,
        "mimeType": "image/png"
      },
      "attachedBy": "lawrence.mulligan",
      "attachedOn": 1694636809243
    },
    {
      "attachmentType": "FILE",
      "smartId": "519Qcb3r4UAv",
      "details": {
        "objectDisplayName": "Kernel_Status.png",
        "size": 7006,
        "mimeType": "image/png"
      },
      "attachedBy": "lawrence.mulligan",
      "attachedOn": 1694636809243
    },
    {
      "attachmentType": "FILE",
      "smartId": "xA0ZRirImOe4",
      "details": {
        "objectDisplayName": "CE_Output.png",
        "size": 26357,
        "mimeType": "image/png"
      },
      "attachedBy": "lawrence.mulligan",
      "attachedOn": 1694636809243
    },
    {
      "attachmentType": "FILE",
      "smartId": "cpYSKeDP5Nqn",
      "details": {
        "objectDisplayName": "running_kernels.png",
        "size": 37746,
        "mimeType": "image/png"
      },
      "attachedBy": "lawrence.mulligan",
      "attachedOn": 1694636809243
    },
    {
      "attachmentType": "FILE",
      "smartId": "WX3t6uMOE4PH",
      "details": {
        "objectDisplayName": "Scenario_Trigger.png",
        "size": 52957,
        "mimeType": "image/png"
      },
      "attachedBy": "lawrence.mulligan",
      "attachedOn": 1694636809243
    },
    {
      "attachmentType": "FILE",
      "smartId": "Zmn5f3nefjf3",
      "details": {
        "objectDisplayName": "Step Details.png",
        "size": 78719,
        "mimeType": "image/png"
      },
      "attachedBy": "lawrence.mulligan",
      "attachedOn": 1694636809243
    },
    {
      "attachmentType": "FILE",
      "smartId": "PXBmy421asOA",
      "details": {
        "objectDisplayName": "Engine_Spark.png",
        "size": 4929,
        "mimeType": "image/png"
      },
      "attachedBy": "lawrence.mulligan",
      "attachedOn": 1694636809243
    },
    {
      "attachmentType": "FILE",
      "smartId": "6QZjflRTu11r",
      "details": {
        "objectDisplayName": "Spark_Recipe.png",
        "size": 19779,
        "mimeType": "image/png"
      },
      "attachedBy": "lawrence.mulligan",
      "attachedOn": 1694636809243
    },
    {
      "attachmentType": "FILE",
      "smartId": "rhEalqC8KjOB",
      "details": {
        "objectDisplayName": "SCR-20230913-hpr-2.png",
        "size": 18621,
        "mimeType": "image/png"
      },
      "attachedBy": "lawrence.mulligan",
      "attachedOn": 1694636809243
    },
    {
      "attachmentType": "FILE",
      "smartId": "lSfPDzqVnvkf",
      "details": {
        "objectDisplayName": "SCR-20230913-htl-2.png",
        "size": 9569,
        "mimeType": "image/png"
      },
      "attachedBy": "lawrence.mulligan",
      "attachedOn": 1694636809243
    },
    {
      "attachmentType": "FILE",
      "smartId": "j73Fo235THVt",
      "details": {
        "objectDisplayName": "SCR-20230913-hvp-2.png",
        "size": 92749,
        "mimeType": "image/png"
      },
      "attachedBy": "lawrence.mulligan",
      "attachedOn": 1694636809243
    },
    {
      "attachmentType": "FILE",
      "smartId": "WXu1vPBoZtYu",
      "details": {
        "objectDisplayName": "SCR-20230913-hz8-2.png",
        "size": 118169,
        "mimeType": "image/png"
      },
      "attachedBy": "lawrence.mulligan",
      "attachedOn": 1694636809243
    },
    {
      "attachmentType": "DSS_OBJECT",
      "taggableType": "FLOW_ZONE",
      "smartId": "default",
      "details": {
        "objectDisplayName": "Default",
        "userDisplayName": "Lawrence P. Mulligan"
      },
      "attachedBy": "lawrence.mulligan",
      "attachedOn": 1694636809243
    },
    {
      "attachmentType": "FILE",
      "smartId": "iabWd0XzAUhr",
      "details": {
        "objectDisplayName": "SCR-20230913-iio-2.png",
        "size": 32264,
        "mimeType": "image/png"
      },
      "attachedBy": "lawrence.mulligan",
      "attachedOn": 1694636809243
    },
    {
      "attachmentType": "FILE",
      "smartId": "bBnKAMbyPsUO",
      "details": {
        "objectDisplayName": "SCR-20230913-ij4-2.png",
        "size": 47635,
        "mimeType": "image/png"
      },
      "attachedBy": "lawrence.mulligan",
      "attachedOn": 1694636809243
    },
    {
      "attachmentType": "DSS_OBJECT",
      "taggableType": "WEB_APP",
      "smartId": "SmwHsTi",
      "details": {
        "objectDisplayName": "Containerized Webapp Test",
        "webappType": "STANDARD",
        "userDisplayName": "Lawrence P. Mulligan"
      },
      "attachedBy": "lawrence.mulligan",
      "attachedOn": 1694636809243
    },
    {
      "attachmentType": "FILE",
      "smartId": "tZpB3db5E0SE",
      "details": {
        "objectDisplayName": "SCR-20230913-je0-2.png",
        "size": 49584,
        "mimeType": "image/png"
      },
      "attachedBy": "lawrence.mulligan",
      "attachedOn": 1694636809243
    },
    {
      "attachmentType": "FILE",
      "smartId": "3n95sgvPse73",
      "details": {
        "objectDisplayName": "SCR-20230913-jgv-2.png",
        "size": 48913,
        "mimeType": "image/png"
      },
      "attachedBy": "lawrence.mulligan",
      "attachedOn": 1694636809243
    }
  ],
  "versionTag": {
    "versionNumber": 2,
    "lastModifiedBy": {
      "login": "lawrence.mulligan"
    },
    "lastModifiedOn": 1694637084483,
    "extendedProperties": {}
  },
  "creationTag": {
    "versionNumber": 0,
    "lastModifiedBy": {
      "login": "lawrence.mulligan"
    },
    "lastModifiedOn": 1694636809241,
    "extendedProperties": {}
  },
  "tags": [],
  "customFields": {},
  "checklists": {
    "checklists": []
  }
}