{
  "name": "Functional Tests",
  "layout": "WIKI_ARTICLE",
  "attachments": [
    {
      "attachmentType": "FILE",
      "smartId": "iAkqxtFlg0l6",
      "details": {
        "objectDisplayName": "Remove_Root_Filesystem_Commented.png",
        "size": 18983,
        "mimeType": "image/png"
      },
      "attachedBy": "lawrence.mulligan",
      "attachedOn": 1694636835633
    },
    {
      "attachmentType": "FILE",
      "smartId": "dDxZeEZLIT0v",
      "details": {
        "objectDisplayName": "Remove_Root_Filesystem_Uncommented.png",
        "size": 18733,
        "mimeType": "image/png"
      },
      "attachedBy": "lawrence.mulligan",
      "attachedOn": 1694636835633
    },
    {
      "attachmentType": "FILE",
      "smartId": "kDKi3Am4D8HS",
      "details": {
        "objectDisplayName": "Metastore_Catalog_Verification.png",
        "size": 22378,
        "mimeType": "image/png"
      },
      "attachedBy": "lawrence.mulligan",
      "attachedOn": 1694636835633
    },
    {
      "attachmentType": "FILE",
      "smartId": "jTXzpYA0mmA2",
      "details": {
        "objectDisplayName": "Cloud_Provider.png",
        "size": 17579,
        "mimeType": "image/png"
      },
      "attachedBy": "lawrence.mulligan",
      "attachedOn": 1694636835633
    },
    {
      "attachmentType": "FILE",
      "smartId": "6JFTmzSqPMtm",
      "details": {
        "objectDisplayName": "Cloud_Provider_Values.png",
        "size": 81439,
        "mimeType": "image/png"
      },
      "attachedBy": "lawrence.mulligan",
      "attachedOn": 1694636835633
    },
    {
      "attachmentType": "FILE",
      "smartId": "Wqj55XiGh63Y",
      "details": {
        "objectDisplayName": "Notebook_Containerized_Execution.png",
        "size": 54777,
        "mimeType": "image/png"
      },
      "attachedBy": "lawrence.mulligan",
      "attachedOn": 1694636835633
    },
    {
      "attachmentType": "FILE",
      "smartId": "wSD21lTyif0U",
      "details": {
        "objectDisplayName": "Kernel_Status.png",
        "size": 7006,
        "mimeType": "image/png"
      },
      "attachedBy": "lawrence.mulligan",
      "attachedOn": 1694636835633
    },
    {
      "attachmentType": "FILE",
      "smartId": "V70AyvmUQWU4",
      "details": {
        "objectDisplayName": "CE_Output.png",
        "size": 26357,
        "mimeType": "image/png"
      },
      "attachedBy": "lawrence.mulligan",
      "attachedOn": 1694636835633
    },
    {
      "attachmentType": "FILE",
      "smartId": "nrKszVlj5H9K",
      "details": {
        "objectDisplayName": "running_kernels.png",
        "size": 37746,
        "mimeType": "image/png"
      },
      "attachedBy": "lawrence.mulligan",
      "attachedOn": 1694636835633
    },
    {
      "attachmentType": "FILE",
      "smartId": "Z504gyQsvedT",
      "details": {
        "objectDisplayName": "Scenario_Trigger.png",
        "size": 52957,
        "mimeType": "image/png"
      },
      "attachedBy": "lawrence.mulligan",
      "attachedOn": 1694636835633
    },
    {
      "attachmentType": "FILE",
      "smartId": "7925JIrl8l1A",
      "details": {
        "objectDisplayName": "Step Details.png",
        "size": 78719,
        "mimeType": "image/png"
      },
      "attachedBy": "lawrence.mulligan",
      "attachedOn": 1694636835633
    },
    {
      "attachmentType": "FILE",
      "smartId": "c6sQUut1AOS8",
      "details": {
        "objectDisplayName": "Engine_Spark.png",
        "size": 4929,
        "mimeType": "image/png"
      },
      "attachedBy": "lawrence.mulligan",
      "attachedOn": 1694636835633
    },
    {
      "attachmentType": "FILE",
      "smartId": "lygrujXF75yM",
      "details": {
        "objectDisplayName": "Spark_Recipe.png",
        "size": 19779,
        "mimeType": "image/png"
      },
      "attachedBy": "lawrence.mulligan",
      "attachedOn": 1694636835633
    },
    {
      "attachmentType": "FILE",
      "smartId": "UQm2ScXWoL1p",
      "details": {
        "objectDisplayName": "SCR-20230913-hpr-2.png",
        "size": 18621,
        "mimeType": "image/png"
      },
      "attachedBy": "lawrence.mulligan",
      "attachedOn": 1694636835633
    },
    {
      "attachmentType": "FILE",
      "smartId": "Uoi3R1yI1KCq",
      "details": {
        "objectDisplayName": "SCR-20230913-htl-2.png",
        "size": 9569,
        "mimeType": "image/png"
      },
      "attachedBy": "lawrence.mulligan",
      "attachedOn": 1694636835633
    },
    {
      "attachmentType": "FILE",
      "smartId": "FpxghARAYwJA",
      "details": {
        "objectDisplayName": "SCR-20230913-hvp-2.png",
        "size": 92749,
        "mimeType": "image/png"
      },
      "attachedBy": "lawrence.mulligan",
      "attachedOn": 1694636835633
    },
    {
      "attachmentType": "FILE",
      "smartId": "7xuVGY63b8e0",
      "details": {
        "objectDisplayName": "SCR-20230913-hz8-2.png",
        "size": 118169,
        "mimeType": "image/png"
      },
      "attachedBy": "lawrence.mulligan",
      "attachedOn": 1694636835633
    },
    {
      "attachmentType": "DSS_OBJECT",
      "taggableType": "FLOW_ZONE",
      "smartId": "default",
      "details": {
        "objectDisplayName": "Default",
        "userDisplayName": "Lawrence P. Mulligan"
      },
      "attachedBy": "lawrence.mulligan",
      "attachedOn": 1694636835633
    },
    {
      "attachmentType": "FILE",
      "smartId": "PUEUWqwtwSkv",
      "details": {
        "objectDisplayName": "SCR-20230913-iio-2.png",
        "size": 32264,
        "mimeType": "image/png"
      },
      "attachedBy": "lawrence.mulligan",
      "attachedOn": 1694636835633
    },
    {
      "attachmentType": "FILE",
      "smartId": "eMfiaeGmNoNQ",
      "details": {
        "objectDisplayName": "SCR-20230913-ij4-2.png",
        "size": 47635,
        "mimeType": "image/png"
      },
      "attachedBy": "lawrence.mulligan",
      "attachedOn": 1694636835633
    },
    {
      "attachmentType": "DSS_OBJECT",
      "taggableType": "WEB_APP",
      "smartId": "SmwHsTi",
      "details": {
        "objectDisplayName": "Containerized Webapp Test",
        "webappType": "STANDARD",
        "userDisplayName": "Lawrence P. Mulligan"
      },
      "attachedBy": "lawrence.mulligan",
      "attachedOn": 1694636835633
    },
    {
      "attachmentType": "FILE",
      "smartId": "EFZkkCsb29uS",
      "details": {
        "objectDisplayName": "SCR-20230913-je0-2.png",
        "size": 49584,
        "mimeType": "image/png"
      },
      "attachedBy": "lawrence.mulligan",
      "attachedOn": 1694636835633
    },
    {
      "attachmentType": "FILE",
      "smartId": "ogI2q1aLhVQh",
      "details": {
        "objectDisplayName": "SCR-20230913-jgv-2.png",
        "size": 48913,
        "mimeType": "image/png"
      },
      "attachedBy": "lawrence.mulligan",
      "attachedOn": 1694636835633
    },
    {
      "attachmentType": "FILE",
      "smartId": "PHH9YZbZ0FDT",
      "details": {
        "objectDisplayName": "Validation_API.png",
        "size": 21587,
        "mimeType": "image/png"
      },
      "attachedBy": "lawrence.mulligan",
      "attachedOn": 1694788143762
    },
    {
      "attachmentType": "FILE",
      "smartId": "tnQgbnAZDmzj",
      "details": {
        "objectDisplayName": "Publish_on_Deployer.png",
        "size": 12929,
        "mimeType": "image/png"
      },
      "attachedBy": "lawrence.mulligan",
      "attachedOn": 1694788143846
    },
    {
      "attachmentType": "FILE",
      "smartId": "SMqNjXzBtBn9",
      "details": {
        "objectDisplayName": "API_Designer.png",
        "size": 46529,
        "mimeType": "image/png"
      },
      "attachedBy": "lawrence.mulligan",
      "attachedOn": 1694788143864
    },
    {
      "attachmentType": "FILE",
      "smartId": "k7CMf4qRGRuf",
      "details": {
        "objectDisplayName": "New_Deployment.png",
        "size": 28359,
        "mimeType": "image/png"
      },
      "attachedBy": "lawrence.mulligan",
      "attachedOn": 1694788343033
    },
    {
      "attachmentType": "FILE",
      "smartId": "d1jsnkAve0zY",
      "details": {
        "objectDisplayName": "Publish_version_on_Deployer.png",
        "size": 31385,
        "mimeType": "image/png"
      },
      "attachedBy": "lawrence.mulligan",
      "attachedOn": 1694788343076
    },
    {
      "attachmentType": "FILE",
      "smartId": "YooIyW3iNlK2",
      "details": {
        "objectDisplayName": "Deploy_Validation_API.png",
        "size": 20658,
        "mimeType": "image/png"
      },
      "attachedBy": "lawrence.mulligan",
      "attachedOn": 1694788343089
    },
    {
      "attachmentType": "FILE",
      "smartId": "uk7vKZnStOBo",
      "details": {
        "objectDisplayName": "Ready_to_Deploy.png",
        "size": 8252,
        "mimeType": "image/png"
      },
      "attachedBy": "lawrence.mulligan",
      "attachedOn": 1694788343124
    },
    {
      "attachmentType": "FILE",
      "smartId": "b1VpwfjM5gCs",
      "details": {
        "objectDisplayName": "Local_Deployer.png",
        "size": 63815,
        "mimeType": "image/png"
      },
      "attachedBy": "lawrence.mulligan",
      "attachedOn": 1694788343216
    },
    {
      "attachmentType": "FILE",
      "smartId": "Qso90zMZg49d",
      "details": {
        "objectDisplayName": "API_Deployer.png",
        "size": 91058,
        "mimeType": "image/png"
      },
      "attachedBy": "lawrence.mulligan",
      "attachedOn": 1694788343305
    },
    {
      "attachmentType": "FILE",
      "smartId": "DqkMZFS2kcmS",
      "details": {
        "objectDisplayName": "Deployed_API_Service.png",
        "size": 71763,
        "mimeType": "image/png"
      },
      "attachedBy": "lawrence.mulligan",
      "attachedOn": 1694788343588
    },
    {
      "attachmentType": "FILE",
      "smartId": "pqNqtMowONwj",
      "details": {
        "objectDisplayName": "Sample_Code.png",
        "size": 45115,
        "mimeType": "image/png"
      },
      "attachedBy": "lawrence.mulligan",
      "attachedOn": 1694788343783
    },
    {
      "attachmentType": "FILE",
      "smartId": "CtP4gOGL1dvo",
      "details": {
        "objectDisplayName": "API_Infrastructure.png",
        "size": 13788,
        "mimeType": "image/png"
      },
      "attachedBy": "lawrence.mulligan",
      "attachedOn": 1694789019513
    }
  ],
  "versionTag": {
    "versionNumber": 34,
    "lastModifiedBy": {
      "login": "lawrence.mulligan"
    },
    "lastModifiedOn": 1694789759726,
    "extendedProperties": {}
  },
  "creationTag": {
    "versionNumber": 0,
    "lastModifiedBy": {
      "login": "lawrence.mulligan"
    },
    "lastModifiedOn": 1694636835631,
    "extendedProperties": {}
  },
  "tags": [],
  "customFields": {},
  "checklists": {
    "checklists": []
  }
}