{
    "startedAt": 1689957298885,
    "gridSize": 5,
    "nThreads": 4,
    "nSplits": 5,
    "metric": "ROC_AUC",
    "timeout": null,
    "gridPoints": [
        {
            "finishedAt": 1689957299139,
            "score": 0.9814552684217318,
            "testScoreGibMean": 0.9814552684217318,
            "testScoreMean": 0.9814552684217318,
            "testScoreStd": 0.00976974997343675,
            "trainScoreMean": 0.9793589608163107,
            "trainScoreStd": 0.0017905485477823224,
            "time": 560,
            "fitTimeMean": 28.2,
            "fitTimeStd": 6.241794613730894,
            "scoreTimeMean": 83.8,
            "scoreTimeStd": 38.94817068874994,
            "parameters": {
                "C": 0.1,
                "penalty": "l2"
            }
        },
        {
            "finishedAt": 1689957299349,
            "score": 0.9584281036262745,
            "testScoreGibMean": 0.9584281036262745,
            "testScoreMean": 0.9584281036262745,
            "testScoreStd": 0.01195450611852918,
            "trainScoreMean": 0.9568284962830211,
            "trainScoreStd": 0.0030502599187148495,
            "time": 411,
            "fitTimeMean": 13.6,
            "fitTimeStd": 9.00222194794152,
            "scoreTimeMean": 68.6,
            "scoreTimeStd": 24.24541193710678,
            "parameters": {
                "C": 0.01,
                "penalty": "l2"
            }
        },
        {
            "finishedAt": 1689957299502,
            "score": 0.996994235815374,
            "testScoreGibMean": 0.996994235815374,
            "testScoreMean": 0.996994235815374,
            "testScoreStd": 0.0024993106092597328,
            "trainScoreMean": 0.9990185460397016,
            "trainScoreStd": 0.000500494629132245,
            "time": 352,
            "fitTimeMean": 17.8,
            "fitTimeStd": 2.2271057451320084,
            "scoreTimeMean": 52.6,
            "scoreTimeStd": 31.30878470972644,
            "parameters": {
                "C": 10.0,
                "penalty": "l2"
            }
        },
        {
            "finishedAt": 1689957299698,
            "score": 0.9970856454596292,
            "testScoreGibMean": 0.9970856454596292,
            "testScoreMean": 0.9970856454596292,
            "testScoreStd": 0.003794009896767474,
            "trainScoreMean": 0.9977345614256621,
            "trainScoreStd": 0.0004725300751181975,
            "time": 672,
            "fitTimeMean": 21.2,
            "fitTimeStd": 7.138627319029899,
            "scoreTimeMean": 113.2,
            "scoreTimeStd": 23.726778120933318,
            "parameters": {
                "C": 1.0,
                "penalty": "l2"
            }
        },
        {
            "finishedAt": 1689957299787,
            "score": 0.9980266270916678,
            "testScoreGibMean": 0.9980266270916678,
            "testScoreMean": 0.9980266270916678,
            "testScoreStd": 0.0024340467363099284,
            "trainScoreMean": 0.9988930818220966,
            "trainScoreStd": 0.0006957495763105576,
            "time": 484,
            "fitTimeMean": 27.0,
            "fitTimeStd": 6.870225614927067,
            "scoreTimeMean": 69.8,
            "scoreTimeStd": 20.643643089338664,
            "parameters": {
                "C": 100.0,
                "penalty": "l2"
            }
        }
    ]
}