[
    {
        "test_score_gib": 0.9785879629629629,
        "train_score": 0.9807098765432098,
        "test_score": 0.9785879629629629,
        "num_samples": 25,
        "fit_time": 33,
        "score_time": 99,
        "time": 132,
        "parameters": {
            "C": 0.1,
            "penalty": "l2"
        },
        "done_at": 1689957299034,
        "split_id": 0
    },
    {
        "test_score_gib": 0.9675925925925926,
        "train_score": 0.9813850308641975,
        "test_score": 0.9675925925925926,
        "num_samples": 25,
        "fit_time": 25,
        "score_time": 80,
        "time": 105,
        "parameters": {
            "C": 0.1,
            "penalty": "l2"
        },
        "done_at": 1689957299020,
        "split_id": 1
    },
    {
        "test_score_gib": 0.9930555555555556,
        "train_score": 0.9773726851851852,
        "test_score": 0.9930555555555556,
        "num_samples": 25,
        "fit_time": 22,
        "score_time": 144,
        "time": 166,
        "parameters": {
            "C": 0.1,
            "penalty": "l2"
        },
        "done_at": 1689957299091,
        "split_id": 2
    },
    {
        "test_score_gib": 0.9920634920634921,
        "train_score": 0.9802307347670249,
        "test_score": 0.9920634920634921,
        "num_samples": 24,
        "fit_time": 23,
        "score_time": 72,
        "time": 95,
        "parameters": {
            "C": 0.1,
            "penalty": "l2"
        },
        "done_at": 1689957299086,
        "split_id": 3
    },
    {
        "test_score_gib": 0.9761904761904763,
        "train_score": 0.9770385304659498,
        "test_score": 0.9761904761904763,
        "num_samples": 24,
        "fit_time": 38,
        "score_time": 24,
        "time": 62,
        "parameters": {
            "C": 0.1,
            "penalty": "l2"
        },
        "done_at": 1689957299139,
        "split_id": 4
    },
    {
        "test_score_gib": 0.9693287037037037,
        "train_score": 0.9560185185185184,
        "test_score": 0.9693287037037037,
        "num_samples": 25,
        "fit_time": 10,
        "score_time": 57,
        "time": 67,
        "parameters": {
            "C": 0.01,
            "penalty": "l2"
        },
        "done_at": 1689957299102,
        "split_id": 0
    },
    {
        "test_score_gib": 0.9375,
        "train_score": 0.9623456790123456,
        "test_score": 0.9375,
        "num_samples": 25,
        "fit_time": 7,
        "score_time": 28,
        "time": 35,
        "parameters": {
            "C": 0.01,
            "penalty": "l2"
        },
        "done_at": 1689957299146,
        "split_id": 1
    },
    {
        "test_score_gib": 0.9699074074074074,
        "train_score": 0.9530671296296296,
        "test_score": 0.9699074074074074,
        "num_samples": 25,
        "fit_time": 5,
        "score_time": 98,
        "time": 103,
        "parameters": {
            "C": 0.01,
            "penalty": "l2"
        },
        "done_at": 1689957299248,
        "split_id": 2
    },
    {
        "test_score_gib": 0.9603174603174602,
        "train_score": 0.956149193548387,
        "test_score": 0.9603174603174602,
        "num_samples": 24,
        "fit_time": 16,
        "score_time": 84,
        "time": 100,
        "parameters": {
            "C": 0.01,
            "penalty": "l2"
        },
        "done_at": 1689957299253,
        "split_id": 3
    },
    {
        "test_score_gib": 0.955026455026455,
        "train_score": 0.9565225507765831,
        "test_score": 0.955026455026455,
        "num_samples": 24,
        "fit_time": 30,
        "score_time": 76,
        "time": 106,
        "parameters": {
            "C": 0.01,
            "penalty": "l2"
        },
        "done_at": 1689957299349,
        "split_id": 4
    },
    {
        "test_score_gib": 1.0,
        "train_score": 0.9984567901234567,
        "test_score": 1.0,
        "num_samples": 25,
        "fit_time": 20,
        "score_time": 81,
        "time": 101,
        "parameters": {
            "C": 10.0,
            "penalty": "l2"
        },
        "done_at": 1689957299308,
        "split_id": 0
    },
    {
        "test_score_gib": 0.9953703703703703,
        "train_score": 0.9996913580246913,
        "test_score": 0.9953703703703703,
        "num_samples": 25,
        "fit_time": 16,
        "score_time": 21,
        "time": 37,
        "parameters": {
            "C": 10.0,
            "penalty": "l2"
        },
        "done_at": 1689957299308,
        "split_id": 1
    },
    {
        "test_score_gib": 1.0,
        "train_score": 0.9984567901234567,
        "test_score": 1.0,
        "num_samples": 25,
        "fit_time": 16,
        "score_time": 23,
        "time": 39,
        "parameters": {
            "C": 10.0,
            "penalty": "l2"
        },
        "done_at": 1689957299376,
        "split_id": 2
    },
    {
        "test_score_gib": 0.9947089947089947,
        "train_score": 0.9991039426523296,
        "test_score": 0.9947089947089947,
        "num_samples": 24,
        "fit_time": 16,
        "score_time": 40,
        "time": 56,
        "parameters": {
            "C": 10.0,
            "penalty": "l2"
        },
        "done_at": 1689957299407,
        "split_id": 3
    },
    {
        "test_score_gib": 0.9947089947089947,
        "train_score": 0.9994026284348865,
        "test_score": 0.9947089947089947,
        "num_samples": 24,
        "fit_time": 21,
        "score_time": 98,
        "time": 119,
        "parameters": {
            "C": 10.0,
            "penalty": "l2"
        },
        "done_at": 1689957299502,
        "split_id": 4
    },
    {
        "test_score_gib": 1.0,
        "train_score": 0.9969135802469136,
        "test_score": 1.0,
        "num_samples": 25,
        "fit_time": 16,
        "score_time": 98,
        "time": 114,
        "parameters": {
            "C": 1.0,
            "penalty": "l2"
        },
        "done_at": 1689957299520,
        "split_id": 0
    },
    {
        "test_score_gib": 0.9907407407407407,
        "train_score": 0.9979938271604938,
        "test_score": 0.9907407407407407,
        "num_samples": 25,
        "fit_time": 28,
        "score_time": 108,
        "time": 136,
        "parameters": {
            "C": 1.0,
            "penalty": "l2"
        },
        "done_at": 1689957299539,
        "split_id": 1
    },
    {
        "test_score_gib": 1.0,
        "train_score": 0.9975308641975308,
        "test_score": 1.0,
        "num_samples": 25,
        "fit_time": 30,
        "score_time": 97,
        "time": 127,
        "parameters": {
            "C": 1.0,
            "penalty": "l2"
        },
        "done_at": 1689957299540,
        "split_id": 2
    },
    {
        "test_score_gib": 1.0,
        "train_score": 0.9980585424133812,
        "test_score": 1.0,
        "num_samples": 24,
        "fit_time": 21,
        "score_time": 160,
        "time": 181,
        "parameters": {
            "C": 1.0,
            "penalty": "l2"
        },
        "done_at": 1689957299698,
        "split_id": 3
    },
    {
        "test_score_gib": 0.9947089947089947,
        "train_score": 0.9982078853046594,
        "test_score": 0.9947089947089947,
        "num_samples": 24,
        "fit_time": 11,
        "score_time": 103,
        "time": 114,
        "parameters": {
            "C": 1.0,
            "penalty": "l2"
        },
        "done_at": 1689957299652,
        "split_id": 4
    },
    {
        "test_score_gib": 1.0,
        "train_score": 0.9981481481481481,
        "test_score": 1.0,
        "num_samples": 25,
        "fit_time": 26,
        "score_time": 97,
        "time": 123,
        "parameters": {
            "C": 100.0,
            "penalty": "l2"
        },
        "done_at": 1689957299690,
        "split_id": 0
    },
    {
        "test_score_gib": 0.9953703703703703,
        "train_score": 0.9996913580246913,
        "test_score": 0.9953703703703703,
        "num_samples": 25,
        "fit_time": 40,
        "score_time": 81,
        "time": 121,
        "parameters": {
            "C": 100.0,
            "penalty": "l2"
        },
        "done_at": 1689957299689,
        "split_id": 1
    },
    {
        "test_score_gib": 1.0,
        "train_score": 0.9981481481481481,
        "test_score": 1.0,
        "num_samples": 25,
        "fit_time": 26,
        "score_time": 78,
        "time": 104,
        "parameters": {
            "C": 100.0,
            "penalty": "l2"
        },
        "done_at": 1689957299768,
        "split_id": 2
    },
    {
        "test_score_gib": 1.0,
        "train_score": 0.9988052568697731,
        "test_score": 1.0,
        "num_samples": 24,
        "fit_time": 20,
        "score_time": 39,
        "time": 59,
        "parameters": {
            "C": 100.0,
            "penalty": "l2"
        },
        "done_at": 1689957299787,
        "split_id": 3
    },
    {
        "test_score_gib": 0.9947089947089947,
        "train_score": 0.9997013142174432,
        "test_score": 0.9947089947089947,
        "num_samples": 24,
        "fit_time": 23,
        "score_time": 54,
        "time": 77,
        "parameters": {
            "C": 100.0,
            "penalty": "l2"
        },
        "done_at": 1689957299778,
        "split_id": 4
    }
]