{
    "modelInputNRows": 123,
    "modelInputNCols": 4,
    "modelInputIsSparse": false,
    "modelInputMemory": 3936,
    "usedGridSearch": true,
    "gridSize": 5,
    "gridBestScore": 0.9980266270916678,
    "gridCells": [
        {
            "params": {
                "C": 0.1,
                "penalty": "l2"
            },
            "score": 0.9814552684217318,
            "scoreStd": 0.00976974997343675,
            "fitTime": 0.0282,
            "fitTimeStd": 0.006241794613730894,
            "scoreTime": 0.0838,
            "scoreTimeStd": 0.03894817068874994
        },
        {
            "params": {
                "C": 0.01,
                "penalty": "l2"
            },
            "score": 0.9584281036262745,
            "scoreStd": 0.01195450611852918,
            "fitTime": 0.0136,
            "fitTimeStd": 0.00900222194794152,
            "scoreTime": 0.0686,
            "scoreTimeStd": 0.02424541193710678
        },
        {
            "params": {
                "C": 10.0,
                "penalty": "l2"
            },
            "score": 0.996994235815374,
            "scoreStd": 0.0024993106092597328,
            "fitTime": 0.0178,
            "fitTimeStd": 0.0022271057451320082,
            "scoreTime": 0.0526,
            "scoreTimeStd": 0.03130878470972644
        },
        {
            "params": {
                "C": 1.0,
                "penalty": "l2"
            },
            "score": 0.9970856454596292,
            "scoreStd": 0.003794009896767474,
            "fitTime": 0.0212,
            "fitTimeStd": 0.007138627319029899,
            "scoreTime": 0.11320000000000001,
            "scoreTimeStd": 0.02372677812093332
        },
        {
            "params": {
                "C": 100.0,
                "penalty": "l2"
            },
            "score": 0.9980266270916678,
            "scoreStd": 0.0024340467363099284,
            "fitTime": 0.027,
            "fitTimeStd": 0.006870225614927067,
            "scoreTime": 0.0698,
            "scoreTimeStd": 0.020643643089338665
        }
    ],
    "probaAware": true
}