{
  "state": "DONE",
  "postSearchDescription": {
    "importantParams": [
      {
        "name": "C",
        "val": "100.0"
      },
      {
        "name": "penalty",
        "val": "l2"
      }
    ]
  },
  "resumed": false,
  "timeOrderingEnabled": false,
  "sampleWeightsEnabled": false,
  "progress": {
    "top_level_todo": [],
    "stack": [],
    "top_level_done": [
      {
        "name": "Loading train set",
        "time": 6
      },
      {
        "name": "Loading test set",
        "time": 6
      },
      {
        "name": "Collecting preprocessing data",
        "time": 10
      },
      {
        "name": "Preprocessing train set",
        "time": 19
      },
      {
        "name": "Preprocessing test set",
        "time": 15
      },
      {
        "name": "Hyperparameter searching",
        "time": 1033
      },
      {
        "name": "Fitting model",
        "time": 16
      },
      {
        "name": "Saving model",
        "time": 3
      },
      {
        "name": "Scoring model",
        "time": 46
      },
      {
        "name": "Preparing explainability",
        "time": 328
      }
    ]
  },
  "startTime": 1689957298805,
  "endTime": 1689957300291,
  "preprocessingTime": 0,
  "trainingTime": 1486,
  "hyperparamsSearchTime": 1033,
  "pythonVersion": "3.9.16"
}