{
  "params": {
    "ttPolicy": "SPLIT_SINGLE_DATASET",
    "ssdSplitMode": "RANDOM",
    "splitBeforePrepare": true,
    "ssdDatasetSmartName": "DKUADMIN.iris",
    "ssdSelection": {
      "useMemTable": false,
      "filter": {
        "distinct": false,
        "enabled": false
      },
      "partitionSelectionMethod": "ALL",
      "latestPartitionsN": 1,
      "ordering": {
        "enabled": false,
        "rules": []
      },
      "samplingMethod": "HEAD_SEQUENTIAL",
      "maxRecords": 100000,
      "targetRatio": 0.02,
      "ascending": true,
      "withinFirstN": -1,
      "maxReadUncompressedBytes": -1
    },
    "ssdTrainingRatio": 0.8,
    "ssdStratified": false,
    "ssdGrouped": false,
    "ssdSeed": 1337,
    "testOnLargerValues": true,
    "streamAll": false,
    "kfold": false,
    "nFolds": 5,
    "instanceIdRefresher": 0,
    "subSamplingSeed": 1337
  },
  "generationDate": 1691174834506,
  "format": "csv1",
  "schema": {
    "columns": [
      {"name":"sepal_length","type":"double"},
      {"name":"sepal_width","type":"double"},
      {"name":"petal_length","type":"double"},
      {"name":"petal_width","type":"double"},
      {"name":"variety","type":"string"}
    ],
    "userModified": false
  },
  "trainPath": "/data/dataiku/dss_data/saved_models/DKUADMIN/tUd4oEWN/versions/1691174834478/split/train.csv.gz",
  "testPath": "/data/dataiku/dss_data/saved_models/DKUADMIN/tUd4oEWN/versions/1691174834478/split/test.csv.gz",
  "trainRows": 123,
  "testRows": 27,
  "fullRows": 0
}