[
    {
        "test_score_gib": 0.9785879629629629,
        "train_score": 0.9807098765432098,
        "test_score": 0.9785879629629629,
        "num_samples": 25,
        "fit_time": 8,
        "score_time": 52,
        "time": 60,
        "parameters": {
            "C": 0.1,
            "penalty": "l2"
        },
        "done_at": 1691174836491,
        "split_id": 0
    },
    {
        "test_score_gib": 0.9675925925925926,
        "train_score": 0.9813850308641975,
        "test_score": 0.9675925925925926,
        "num_samples": 25,
        "fit_time": 8,
        "score_time": 85,
        "time": 93,
        "parameters": {
            "C": 0.1,
            "penalty": "l2"
        },
        "done_at": 1691174836543,
        "split_id": 1
    },
    {
        "test_score_gib": 0.9930555555555556,
        "train_score": 0.9773726851851852,
        "test_score": 0.9930555555555556,
        "num_samples": 25,
        "fit_time": 12,
        "score_time": 95,
        "time": 107,
        "parameters": {
            "C": 0.1,
            "penalty": "l2"
        },
        "done_at": 1691174836634,
        "split_id": 2
    },
    {
        "test_score_gib": 0.9920634920634921,
        "train_score": 0.9802307347670249,
        "test_score": 0.9920634920634921,
        "num_samples": 24,
        "fit_time": 21,
        "score_time": 78,
        "time": 99,
        "parameters": {
            "C": 0.1,
            "penalty": "l2"
        },
        "done_at": 1691174836603,
        "split_id": 3
    },
    {
        "test_score_gib": 0.9761904761904763,
        "train_score": 0.9770385304659498,
        "test_score": 0.9761904761904763,
        "num_samples": 24,
        "fit_time": 20,
        "score_time": 87,
        "time": 107,
        "parameters": {
            "C": 0.1,
            "penalty": "l2"
        },
        "done_at": 1691174836634,
        "split_id": 4
    },
    {
        "test_score_gib": 0.9693287037037037,
        "train_score": 0.9560185185185184,
        "test_score": 0.9693287037037037,
        "num_samples": 25,
        "fit_time": 8,
        "score_time": 33,
        "time": 41,
        "parameters": {
            "C": 0.01,
            "penalty": "l2"
        },
        "done_at": 1691174836634,
        "split_id": 0
    },
    {
        "test_score_gib": 0.9375,
        "train_score": 0.9623456790123456,
        "test_score": 0.9375,
        "num_samples": 25,
        "fit_time": 8,
        "score_time": 21,
        "time": 29,
        "parameters": {
            "C": 0.01,
            "penalty": "l2"
        },
        "done_at": 1691174836694,
        "split_id": 1
    },
    {
        "test_score_gib": 0.9699074074074074,
        "train_score": 0.9530671296296296,
        "test_score": 0.9699074074074074,
        "num_samples": 25,
        "fit_time": 37,
        "score_time": 21,
        "time": 58,
        "parameters": {
            "C": 0.01,
            "penalty": "l2"
        },
        "done_at": 1691174836727,
        "split_id": 2
    },
    {
        "test_score_gib": 0.9603174603174602,
        "train_score": 0.956149193548387,
        "test_score": 0.9603174603174602,
        "num_samples": 24,
        "fit_time": 7,
        "score_time": 21,
        "time": 28,
        "parameters": {
            "C": 0.01,
            "penalty": "l2"
        },
        "done_at": 1691174836695,
        "split_id": 3
    },
    {
        "test_score_gib": 0.955026455026455,
        "train_score": 0.9565225507765831,
        "test_score": 0.955026455026455,
        "num_samples": 24,
        "fit_time": 7,
        "score_time": 23,
        "time": 30,
        "parameters": {
            "C": 0.01,
            "penalty": "l2"
        },
        "done_at": 1691174836767,
        "split_id": 4
    },
    {
        "test_score_gib": 1.0,
        "train_score": 0.9984567901234567,
        "test_score": 1.0,
        "num_samples": 25,
        "fit_time": 15,
        "score_time": 22,
        "time": 37,
        "parameters": {
            "C": 10.0,
            "penalty": "l2"
        },
        "done_at": 1691174836809,
        "split_id": 0
    },
    {
        "test_score_gib": 0.9953703703703703,
        "train_score": 0.9996913580246913,
        "test_score": 0.9953703703703703,
        "num_samples": 25,
        "fit_time": 17,
        "score_time": 23,
        "time": 40,
        "parameters": {
            "C": 10.0,
            "penalty": "l2"
        },
        "done_at": 1691174836847,
        "split_id": 1
    },
    {
        "test_score_gib": 1.0,
        "train_score": 0.9984567901234567,
        "test_score": 1.0,
        "num_samples": 25,
        "fit_time": 16,
        "score_time": 20,
        "time": 36,
        "parameters": {
            "C": 10.0,
            "penalty": "l2"
        },
        "done_at": 1691174836925,
        "split_id": 2
    },
    {
        "test_score_gib": 0.9947089947089947,
        "train_score": 0.9991039426523296,
        "test_score": 0.9947089947089947,
        "num_samples": 24,
        "fit_time": 18,
        "score_time": 21,
        "time": 39,
        "parameters": {
            "C": 10.0,
            "penalty": "l2"
        },
        "done_at": 1691174836925,
        "split_id": 3
    },
    {
        "test_score_gib": 0.9947089947089947,
        "train_score": 0.9994026284348865,
        "test_score": 0.9947089947089947,
        "num_samples": 24,
        "fit_time": 16,
        "score_time": 20,
        "time": 36,
        "parameters": {
            "C": 10.0,
            "penalty": "l2"
        },
        "done_at": 1691174836926,
        "split_id": 4
    },
    {
        "test_score_gib": 1.0,
        "train_score": 0.9969135802469136,
        "test_score": 1.0,
        "num_samples": 25,
        "fit_time": 12,
        "score_time": 22,
        "time": 34,
        "parameters": {
            "C": 1.0,
            "penalty": "l2"
        },
        "done_at": 1691174836964,
        "split_id": 0
    },
    {
        "test_score_gib": 0.9907407407407407,
        "train_score": 0.9979938271604938,
        "test_score": 0.9907407407407407,
        "num_samples": 25,
        "fit_time": 12,
        "score_time": 20,
        "time": 32,
        "parameters": {
            "C": 1.0,
            "penalty": "l2"
        },
        "done_at": 1691174836997,
        "split_id": 1
    },
    {
        "test_score_gib": 1.0,
        "train_score": 0.9975308641975308,
        "test_score": 1.0,
        "num_samples": 25,
        "fit_time": 12,
        "score_time": 29,
        "time": 41,
        "parameters": {
            "C": 1.0,
            "penalty": "l2"
        },
        "done_at": 1691174837045,
        "split_id": 2
    },
    {
        "test_score_gib": 1.0,
        "train_score": 0.9980585424133812,
        "test_score": 1.0,
        "num_samples": 24,
        "fit_time": 53,
        "score_time": 105,
        "time": 158,
        "parameters": {
            "C": 1.0,
            "penalty": "l2"
        },
        "done_at": 1691174837200,
        "split_id": 3
    },
    {
        "test_score_gib": 0.9947089947089947,
        "train_score": 0.9982078853046594,
        "test_score": 0.9947089947089947,
        "num_samples": 24,
        "fit_time": 57,
        "score_time": 93,
        "time": 150,
        "parameters": {
            "C": 1.0,
            "penalty": "l2"
        },
        "done_at": 1691174837180,
        "split_id": 4
    },
    {
        "test_score_gib": 1.0,
        "train_score": 0.9981481481481481,
        "test_score": 1.0,
        "num_samples": 25,
        "fit_time": 23,
        "score_time": 100,
        "time": 123,
        "parameters": {
            "C": 100.0,
            "penalty": "l2"
        },
        "done_at": 1691174837164,
        "split_id": 0
    },
    {
        "test_score_gib": 0.9953703703703703,
        "train_score": 0.9996913580246913,
        "test_score": 0.9953703703703703,
        "num_samples": 25,
        "fit_time": 35,
        "score_time": 148,
        "time": 183,
        "parameters": {
            "C": 100.0,
            "penalty": "l2"
        },
        "done_at": 1691174837254,
        "split_id": 1
    },
    {
        "test_score_gib": 1.0,
        "train_score": 0.9981481481481481,
        "test_score": 1.0,
        "num_samples": 25,
        "fit_time": 51,
        "score_time": 71,
        "time": 122,
        "parameters": {
            "C": 100.0,
            "penalty": "l2"
        },
        "done_at": 1691174837290,
        "split_id": 2
    },
    {
        "test_score_gib": 1.0,
        "train_score": 0.9988052568697731,
        "test_score": 1.0,
        "num_samples": 24,
        "fit_time": 17,
        "score_time": 95,
        "time": 112,
        "parameters": {
            "C": 100.0,
            "penalty": "l2"
        },
        "done_at": 1691174837303,
        "split_id": 3
    },
    {
        "test_score_gib": 0.9947089947089947,
        "train_score": 0.9997013142174432,
        "test_score": 0.9947089947089947,
        "num_samples": 24,
        "fit_time": 28,
        "score_time": 55,
        "time": 83,
        "parameters": {
            "C": 100.0,
            "penalty": "l2"
        },
        "done_at": 1691174837304,
        "split_id": 4
    }
]