{
    "startedAt": 1691174836426,
    "gridSize": 5,
    "nThreads": 4,
    "nSplits": 5,
    "metric": "ROC_AUC",
    "timeout": null,
    "gridPoints": [
        {
            "finishedAt": 1691174836634,
            "score": 0.9814552684217318,
            "testScoreGibMean": 0.9814552684217318,
            "testScoreMean": 0.9814552684217318,
            "testScoreStd": 0.00976974997343675,
            "trainScoreMean": 0.9793589608163107,
            "trainScoreStd": 0.0017905485477823224,
            "time": 466,
            "fitTimeMean": 13.8,
            "fitTimeStd": 5.670978751503131,
            "scoreTimeMean": 79.4,
            "scoreTimeStd": 14.732277488562318,
            "parameters": {
                "C": 0.1,
                "penalty": "l2"
            }
        },
        {
            "finishedAt": 1691174836767,
            "score": 0.9584281036262745,
            "testScoreGibMean": 0.9584281036262745,
            "testScoreMean": 0.9584281036262745,
            "testScoreStd": 0.01195450611852918,
            "trainScoreMean": 0.9568284962830211,
            "trainScoreStd": 0.0030502599187148495,
            "time": 186,
            "fitTimeMean": 13.4,
            "fitTimeStd": 11.808471535300411,
            "scoreTimeMean": 23.8,
            "scoreTimeStd": 4.66476151587624,
            "parameters": {
                "C": 0.01,
                "penalty": "l2"
            }
        },
        {
            "finishedAt": 1691174836926,
            "score": 0.996994235815374,
            "testScoreGibMean": 0.996994235815374,
            "testScoreMean": 0.996994235815374,
            "testScoreStd": 0.0024993106092597328,
            "trainScoreMean": 0.9990185460397016,
            "trainScoreStd": 0.000500494629132245,
            "time": 188,
            "fitTimeMean": 16.4,
            "fitTimeStd": 1.019803902718557,
            "scoreTimeMean": 21.2,
            "scoreTimeStd": 1.1661903789690602,
            "parameters": {
                "C": 10.0,
                "penalty": "l2"
            }
        },
        {
            "finishedAt": 1691174837200,
            "score": 0.9970856454596292,
            "testScoreGibMean": 0.9970856454596292,
            "testScoreMean": 0.9970856454596292,
            "testScoreStd": 0.003794009896767474,
            "trainScoreMean": 0.9977345614256621,
            "trainScoreStd": 0.0004725300751181975,
            "time": 415,
            "fitTimeMean": 29.2,
            "fitTimeStd": 21.103554203024665,
            "scoreTimeMean": 53.8,
            "scoreTimeStd": 37.22042450053465,
            "parameters": {
                "C": 1.0,
                "penalty": "l2"
            }
        },
        {
            "finishedAt": 1691174837304,
            "score": 0.9980266270916678,
            "testScoreGibMean": 0.9980266270916678,
            "testScoreMean": 0.9980266270916678,
            "testScoreStd": 0.0024340467363099284,
            "trainScoreMean": 0.9988930818220966,
            "trainScoreStd": 0.0006957495763105576,
            "time": 623,
            "fitTimeMean": 30.8,
            "fitTimeStd": 11.702991070662236,
            "scoreTimeMean": 93.8,
            "scoreTimeStd": 31.631629739866394,
            "parameters": {
                "C": 100.0,
                "penalty": "l2"
            }
        }
    ]
}