{
    "modelInputNRows": 123,
    "modelInputNCols": 4,
    "modelInputIsSparse": false,
    "modelInputMemory": 3936,
    "usedGridSearch": true,
    "gridSize": 5,
    "gridBestScore": 0.9980266270916678,
    "gridCells": [
        {
            "params": {
                "C": 0.1,
                "penalty": "l2"
            },
            "score": 0.9814552684217318,
            "scoreStd": 0.00976974997343675,
            "fitTime": 0.013800000000000002,
            "fitTimeStd": 0.005670978751503131,
            "scoreTime": 0.07940000000000001,
            "scoreTimeStd": 0.014732277488562318
        },
        {
            "params": {
                "C": 0.01,
                "penalty": "l2"
            },
            "score": 0.9584281036262745,
            "scoreStd": 0.01195450611852918,
            "fitTime": 0.0134,
            "fitTimeStd": 0.01180847153530041,
            "scoreTime": 0.0238,
            "scoreTimeStd": 0.00466476151587624
        },
        {
            "params": {
                "C": 10.0,
                "penalty": "l2"
            },
            "score": 0.996994235815374,
            "scoreStd": 0.0024993106092597328,
            "fitTime": 0.016399999999999998,
            "fitTimeStd": 0.0010198039027185571,
            "scoreTime": 0.0212,
            "scoreTimeStd": 0.0011661903789690602
        },
        {
            "params": {
                "C": 1.0,
                "penalty": "l2"
            },
            "score": 0.9970856454596292,
            "scoreStd": 0.003794009896767474,
            "fitTime": 0.0292,
            "fitTimeStd": 0.021103554203024663,
            "scoreTime": 0.0538,
            "scoreTimeStd": 0.03722042450053465
        },
        {
            "params": {
                "C": 100.0,
                "penalty": "l2"
            },
            "score": 0.9980266270916678,
            "scoreStd": 0.0024340467363099284,
            "fitTime": 0.0308,
            "fitTimeStd": 0.011702991070662236,
            "scoreTime": 0.0938,
            "scoreTimeStd": 0.03163162973986639
        }
    ],
    "probaAware": true
}