{
  "state": "DONE",
  "postSearchDescription": {
    "importantParams": [
      {
        "name": "C",
        "val": "100.0"
      },
      {
        "name": "penalty",
        "val": "l2"
      }
    ]
  },
  "resumed": false,
  "timeOrderingEnabled": false,
  "sampleWeightsEnabled": false,
  "progress": {
    "top_level_todo": [],
    "stack": [],
    "top_level_done": [
      {
        "name": "Loading train set",
        "time": 6
      },
      {
        "name": "Loading test set",
        "time": 6
      },
      {
        "name": "Collecting preprocessing data",
        "time": 11
      },
      {
        "name": "Preprocessing train set",
        "time": 17
      },
      {
        "name": "Preprocessing test set",
        "time": 21
      },
      {
        "name": "Hyperparameter searching",
        "time": 1027
      },
      {
        "name": "Fitting model",
        "time": 16
      },
      {
        "name": "Saving model",
        "time": 3
      },
      {
        "name": "Scoring model",
        "time": 70
      },
      {
        "name": "Preparing explainability",
        "time": 274
      }
    ]
  },
  "startTime": 1691174836343,
  "endTime": 1691174837796,
  "preprocessingTime": 0,
  "trainingTime": 1453,
  "hyperparamsSearchTime": 1027,
  "pythonVersion": "3.9.16"
}