{
  "checklists": {
    "checklists": []
  },
  "creationTag": {
    "extendedProperties": {},
    "lastModifiedBy": {
      "login": "ivan.gomez"
    },
    "lastModifiedOn": 1686752009430,
    "versionNumber": 0
  },
  "customFields": {},
  "listed": true,
  "name": "Dataiku Functional Tests's default dashboard",
  "owner": "ivan.gomez",
  "pages": [
    {
      "enableCrossFilters": true,
      "grid": {
        "tiles": []
      },
      "id": "Sz0ew2y",
      "showTitle": false
    }
  ],
  "showGrid": true,
  "tags": [],
  "versionTag": {
    "extendedProperties": {},
    "lastModifiedBy": {
      "login": "ivan.gomez"
    },
    "lastModifiedOn": 1686752009430,
    "versionNumber": 0
  }
}