[
    {
        "test_score_gib": 0.9785879629629629,
        "train_score": 0.9807098765432098,
        "test_score": 0.9785879629629629,
        "num_samples": 25,
        "fit_time": 9,
        "score_time": 22,
        "time": 31,
        "parameters": {
            "C": 0.1,
            "penalty": "l2"
        },
        "done_at": 1691174694732,
        "split_id": 0
    },
    {
        "test_score_gib": 0.9675925925925926,
        "train_score": 0.9813850308641975,
        "test_score": 0.9675925925925926,
        "num_samples": 25,
        "fit_time": 6,
        "score_time": 21,
        "time": 27,
        "parameters": {
            "C": 0.1,
            "penalty": "l2"
        },
        "done_at": 1691174694761,
        "split_id": 1
    },
    {
        "test_score_gib": 0.9930555555555556,
        "train_score": 0.9773726851851852,
        "test_score": 0.9930555555555556,
        "num_samples": 25,
        "fit_time": 8,
        "score_time": 21,
        "time": 29,
        "parameters": {
            "C": 0.1,
            "penalty": "l2"
        },
        "done_at": 1691174694790,
        "split_id": 2
    },
    {
        "test_score_gib": 0.9920634920634921,
        "train_score": 0.9802307347670249,
        "test_score": 0.9920634920634921,
        "num_samples": 24,
        "fit_time": 7,
        "score_time": 52,
        "time": 59,
        "parameters": {
            "C": 0.1,
            "penalty": "l2"
        },
        "done_at": 1691174694851,
        "split_id": 3
    },
    {
        "test_score_gib": 0.9761904761904763,
        "train_score": 0.9770385304659498,
        "test_score": 0.9761904761904763,
        "num_samples": 24,
        "fit_time": 7,
        "score_time": 22,
        "time": 29,
        "parameters": {
            "C": 0.1,
            "penalty": "l2"
        },
        "done_at": 1691174694849,
        "split_id": 4
    },
    {
        "test_score_gib": 0.9693287037037037,
        "train_score": 0.9560185185185184,
        "test_score": 0.9693287037037037,
        "num_samples": 25,
        "fit_time": 7,
        "score_time": 21,
        "time": 28,
        "parameters": {
            "C": 0.01,
            "penalty": "l2"
        },
        "done_at": 1691174694881,
        "split_id": 0
    },
    {
        "test_score_gib": 0.9375,
        "train_score": 0.9623456790123456,
        "test_score": 0.9375,
        "num_samples": 25,
        "fit_time": 7,
        "score_time": 22,
        "time": 29,
        "parameters": {
            "C": 0.01,
            "penalty": "l2"
        },
        "done_at": 1691174694911,
        "split_id": 1
    },
    {
        "test_score_gib": 0.9699074074074074,
        "train_score": 0.9530671296296296,
        "test_score": 0.9699074074074074,
        "num_samples": 25,
        "fit_time": 7,
        "score_time": 21,
        "time": 28,
        "parameters": {
            "C": 0.01,
            "penalty": "l2"
        },
        "done_at": 1691174694943,
        "split_id": 2
    },
    {
        "test_score_gib": 0.9603174603174602,
        "train_score": 0.956149193548387,
        "test_score": 0.9603174603174602,
        "num_samples": 24,
        "fit_time": 7,
        "score_time": 21,
        "time": 28,
        "parameters": {
            "C": 0.01,
            "penalty": "l2"
        },
        "done_at": 1691174694972,
        "split_id": 3
    },
    {
        "test_score_gib": 0.955026455026455,
        "train_score": 0.9565225507765831,
        "test_score": 0.955026455026455,
        "num_samples": 24,
        "fit_time": 7,
        "score_time": 21,
        "time": 28,
        "parameters": {
            "C": 0.01,
            "penalty": "l2"
        },
        "done_at": 1691174695002,
        "split_id": 4
    },
    {
        "test_score_gib": 1.0,
        "train_score": 0.9984567901234567,
        "test_score": 1.0,
        "num_samples": 25,
        "fit_time": 15,
        "score_time": 100,
        "time": 115,
        "parameters": {
            "C": 10.0,
            "penalty": "l2"
        },
        "done_at": 1691174695118,
        "split_id": 0
    },
    {
        "test_score_gib": 0.9953703703703703,
        "train_score": 0.9996913580246913,
        "test_score": 0.9953703703703703,
        "num_samples": 25,
        "fit_time": 15,
        "score_time": 22,
        "time": 37,
        "parameters": {
            "C": 10.0,
            "penalty": "l2"
        },
        "done_at": 1691174695058,
        "split_id": 1
    },
    {
        "test_score_gib": 1.0,
        "train_score": 0.9984567901234567,
        "test_score": 1.0,
        "num_samples": 25,
        "fit_time": 16,
        "score_time": 21,
        "time": 37,
        "parameters": {
            "C": 10.0,
            "penalty": "l2"
        },
        "done_at": 1691174695096,
        "split_id": 2
    },
    {
        "test_score_gib": 0.9947089947089947,
        "train_score": 0.9991039426523296,
        "test_score": 0.9947089947089947,
        "num_samples": 24,
        "fit_time": 16,
        "score_time": 36,
        "time": 52,
        "parameters": {
            "C": 10.0,
            "penalty": "l2"
        },
        "done_at": 1691174695171,
        "split_id": 3
    },
    {
        "test_score_gib": 0.9947089947089947,
        "train_score": 0.9994026284348865,
        "test_score": 0.9947089947089947,
        "num_samples": 24,
        "fit_time": 17,
        "score_time": 21,
        "time": 38,
        "parameters": {
            "C": 10.0,
            "penalty": "l2"
        },
        "done_at": 1691174695210,
        "split_id": 4
    },
    {
        "test_score_gib": 1.0,
        "train_score": 0.9969135802469136,
        "test_score": 1.0,
        "num_samples": 25,
        "fit_time": 11,
        "score_time": 21,
        "time": 32,
        "parameters": {
            "C": 1.0,
            "penalty": "l2"
        },
        "done_at": 1691174695243,
        "split_id": 0
    },
    {
        "test_score_gib": 0.9907407407407407,
        "train_score": 0.9979938271604938,
        "test_score": 0.9907407407407407,
        "num_samples": 25,
        "fit_time": 11,
        "score_time": 21,
        "time": 32,
        "parameters": {
            "C": 1.0,
            "penalty": "l2"
        },
        "done_at": 1691174695276,
        "split_id": 1
    },
    {
        "test_score_gib": 1.0,
        "train_score": 0.9975308641975308,
        "test_score": 1.0,
        "num_samples": 25,
        "fit_time": 11,
        "score_time": 21,
        "time": 32,
        "parameters": {
            "C": 1.0,
            "penalty": "l2"
        },
        "done_at": 1691174695310,
        "split_id": 2
    },
    {
        "test_score_gib": 1.0,
        "train_score": 0.9980585424133812,
        "test_score": 1.0,
        "num_samples": 24,
        "fit_time": 11,
        "score_time": 19,
        "time": 30,
        "parameters": {
            "C": 1.0,
            "penalty": "l2"
        },
        "done_at": 1691174695342,
        "split_id": 3
    },
    {
        "test_score_gib": 0.9947089947089947,
        "train_score": 0.9982078853046594,
        "test_score": 0.9947089947089947,
        "num_samples": 24,
        "fit_time": 11,
        "score_time": 20,
        "time": 31,
        "parameters": {
            "C": 1.0,
            "penalty": "l2"
        },
        "done_at": 1691174695374,
        "split_id": 4
    },
    {
        "test_score_gib": 1.0,
        "train_score": 0.9981481481481481,
        "test_score": 1.0,
        "num_samples": 25,
        "fit_time": 22,
        "score_time": 193,
        "time": 215,
        "parameters": {
            "C": 100.0,
            "penalty": "l2"
        },
        "done_at": 1691174695598,
        "split_id": 0
    },
    {
        "test_score_gib": 0.9953703703703703,
        "train_score": 0.9996913580246913,
        "test_score": 0.9953703703703703,
        "num_samples": 25,
        "fit_time": 20,
        "score_time": 22,
        "time": 42,
        "parameters": {
            "C": 100.0,
            "penalty": "l2"
        },
        "done_at": 1691174695467,
        "split_id": 1
    },
    {
        "test_score_gib": 1.0,
        "train_score": 0.9981481481481481,
        "test_score": 1.0,
        "num_samples": 25,
        "fit_time": 20,
        "score_time": 21,
        "time": 41,
        "parameters": {
            "C": 100.0,
            "penalty": "l2"
        },
        "done_at": 1691174695509,
        "split_id": 2
    },
    {
        "test_score_gib": 1.0,
        "train_score": 0.9988052568697731,
        "test_score": 1.0,
        "num_samples": 24,
        "fit_time": 29,
        "score_time": 114,
        "time": 143,
        "parameters": {
            "C": 100.0,
            "penalty": "l2"
        },
        "done_at": 1691174695654,
        "split_id": 3
    },
    {
        "test_score_gib": 0.9947089947089947,
        "train_score": 0.9997013142174432,
        "test_score": 0.9947089947089947,
        "num_samples": 24,
        "fit_time": 66,
        "score_time": 22,
        "time": 88,
        "parameters": {
            "C": 100.0,
            "penalty": "l2"
        },
        "done_at": 1691174695654,
        "split_id": 4
    }
]