{
    "startedAt": 1691174694697,
    "gridSize": 5,
    "nThreads": 4,
    "nSplits": 5,
    "metric": "ROC_AUC",
    "timeout": null,
    "gridPoints": [
        {
            "finishedAt": 1691174694851,
            "score": 0.9814552684217318,
            "testScoreGibMean": 0.9814552684217318,
            "testScoreMean": 0.9814552684217318,
            "testScoreStd": 0.00976974997343675,
            "trainScoreMean": 0.9793589608163107,
            "trainScoreStd": 0.0017905485477823224,
            "time": 175,
            "fitTimeMean": 7.4,
            "fitTimeStd": 1.0198039027185568,
            "scoreTimeMean": 27.6,
            "scoreTimeStd": 12.208193969625482,
            "parameters": {
                "C": 0.1,
                "penalty": "l2"
            }
        },
        {
            "finishedAt": 1691174695002,
            "score": 0.9584281036262745,
            "testScoreGibMean": 0.9584281036262745,
            "testScoreMean": 0.9584281036262745,
            "testScoreStd": 0.01195450611852918,
            "trainScoreMean": 0.9568284962830211,
            "trainScoreStd": 0.0030502599187148495,
            "time": 141,
            "fitTimeMean": 7.0,
            "fitTimeStd": 0.0,
            "scoreTimeMean": 21.2,
            "scoreTimeStd": 0.39999999999999997,
            "parameters": {
                "C": 0.01,
                "penalty": "l2"
            }
        },
        {
            "finishedAt": 1691174695210,
            "score": 0.996994235815374,
            "testScoreGibMean": 0.996994235815374,
            "testScoreMean": 0.996994235815374,
            "testScoreStd": 0.0024993106092597328,
            "trainScoreMean": 0.9990185460397016,
            "trainScoreStd": 0.000500494629132245,
            "time": 279,
            "fitTimeMean": 15.8,
            "fitTimeStd": 0.7483314773547883,
            "scoreTimeMean": 40.0,
            "scoreTimeStd": 30.535225559998732,
            "parameters": {
                "C": 10.0,
                "penalty": "l2"
            }
        },
        {
            "finishedAt": 1691174695374,
            "score": 0.9970856454596292,
            "testScoreGibMean": 0.9970856454596292,
            "testScoreMean": 0.9970856454596292,
            "testScoreStd": 0.003794009896767474,
            "trainScoreMean": 0.9977345614256621,
            "trainScoreStd": 0.0004725300751181975,
            "time": 157,
            "fitTimeMean": 11.0,
            "fitTimeStd": 0.0,
            "scoreTimeMean": 20.4,
            "scoreTimeStd": 0.7999999999999999,
            "parameters": {
                "C": 1.0,
                "penalty": "l2"
            }
        },
        {
            "finishedAt": 1691174695654,
            "score": 0.9980266270916678,
            "testScoreGibMean": 0.9980266270916678,
            "testScoreMean": 0.9980266270916678,
            "testScoreStd": 0.0024340467363099284,
            "trainScoreMean": 0.9988930818220966,
            "trainScoreStd": 0.0006957495763105576,
            "time": 529,
            "fitTimeMean": 31.4,
            "fitTimeStd": 17.6136310850432,
            "scoreTimeMean": 74.4,
            "scoreTimeStd": 69.24911551781727,
            "parameters": {
                "C": 100.0,
                "penalty": "l2"
            }
        }
    ]
}