{
    "modelInputNRows": 123,
    "modelInputNCols": 4,
    "modelInputIsSparse": false,
    "modelInputMemory": 3936,
    "usedGridSearch": true,
    "gridSize": 5,
    "gridBestScore": 0.9980266270916678,
    "gridCells": [
        {
            "params": {
                "C": 0.1,
                "penalty": "l2"
            },
            "score": 0.9814552684217318,
            "scoreStd": 0.00976974997343675,
            "fitTime": 0.0074,
            "fitTimeStd": 0.0010198039027185567,
            "scoreTime": 0.027600000000000003,
            "scoreTimeStd": 0.012208193969625481
        },
        {
            "params": {
                "C": 0.01,
                "penalty": "l2"
            },
            "score": 0.9584281036262745,
            "scoreStd": 0.01195450611852918,
            "fitTime": 0.007,
            "fitTimeStd": 0.0,
            "scoreTime": 0.0212,
            "scoreTimeStd": 0.00039999999999999996
        },
        {
            "params": {
                "C": 10.0,
                "penalty": "l2"
            },
            "score": 0.996994235815374,
            "scoreStd": 0.0024993106092597328,
            "fitTime": 0.0158,
            "fitTimeStd": 0.0007483314773547884,
            "scoreTime": 0.04,
            "scoreTimeStd": 0.030535225559998734
        },
        {
            "params": {
                "C": 1.0,
                "penalty": "l2"
            },
            "score": 0.9970856454596292,
            "scoreStd": 0.003794009896767474,
            "fitTime": 0.011,
            "fitTimeStd": 0.0,
            "scoreTime": 0.020399999999999998,
            "scoreTimeStd": 0.0007999999999999999
        },
        {
            "params": {
                "C": 100.0,
                "penalty": "l2"
            },
            "score": 0.9980266270916678,
            "scoreStd": 0.0024340467363099284,
            "fitTime": 0.0314,
            "fitTimeStd": 0.0176136310850432,
            "scoreTime": 0.07440000000000001,
            "scoreTimeStd": 0.06924911551781728
        }
    ],
    "probaAware": true
}