{
    "metrics": {
        "customMetricsResults": [],
        "precision": 1.0,
        "recall": 1.0,
        "f1": 1.0,
        "accuracy": 1.0,
        "hammingLoss": 0.0,
        "mcalibrationLoss": 0.001804146919998602,
        "mrocAUC": 1.0,
        "averagePrecision": 1.0,
        "logLoss": 0.002720922007476028
    },
    "processed_feature_names": [
        "sepal_width",
        "petal_width",
        "sepal_length",
        "petal_length"
    ],
    "classes": [
        "Virginica",
        "Versicolor",
        "Setosa"
    ],
    "confusion": {
        "totalRows": 27,
        "perActual": {
            "Virginica": {
                "actualClassCount": 5.0,
                "perPredicted": {
                    "Virginica": 5,
                    "Versicolor": 0,
                    "Setosa": 0
                }
            },
            "Versicolor": {
                "actualClassCount": 12.0,
                "perPredicted": {
                    "Virginica": 0,
                    "Versicolor": 12,
                    "Setosa": 0
                }
            },
            "Setosa": {
                "actualClassCount": 10.0,
                "perPredicted": {
                    "Virginica": 0,
                    "Versicolor": 0,
                    "Setosa": 10
                }
            }
        }
    },
    "oneVsAllCalibrationLoss": {
        "Virginica": 0.002494947064799739,
        "Versicolor": 0.0027062183417974287,
        "Setosa": 0.00021127535339863826
    },
    "oneVsAllCalibrationCurves": {
        "Virginica": [
            {
                "y": 0,
                "x": 0,
                "n": 0
            },
            {
                "y": 0.0,
                "x": 0.0016079146094761991,
                "n": 22.0
            },
            {
                "y": 1.0,
                "x": 0.9936021101317767,
                "n": 5.0
            },
            {
                "y": 1,
                "x": 1,
                "n": 0
            }
        ],
        "Versicolor": [
            {
                "y": 0,
                "x": 0,
                "n": 0
            },
            {
                "y": 0.0,
                "x": 0.0022839131380794925,
                "n": 15.0
            },
            {
                "y": 1.0,
                "x": 0.9967659001535552,
                "n": 12.0
            },
            {
                "y": 1,
                "x": 1,
                "n": 0
            }
        ],
        "Setosa": [
            {
                "y": 0,
                "x": 0,
                "n": 0
            },
            {
                "y": 0.0,
                "x": 0.00020206657531028423,
                "n": 17.0
            },
            {
                "y": 1.0,
                "x": 0.9997730697238512,
                "n": 10.0
            },
            {
                "y": 1,
                "x": 1,
                "n": 0
            }
        ]
    },
    "oneVsAllRocAUC": {
        "Virginica": 1.0,
        "Versicolor": 1.0,
        "Setosa": 1.0
    },
    "oneVsAllRocCurves": {
        "Virginica": [
            {
                "x": 0.0,
                "y": 0.0,
                "p": 1.9999906356035002
            },
            {
                "x": 0.0,
                "y": 0.2,
                "p": 0.9999906356035002
            },
            {
                "x": 0.0,
                "y": 1.0,
                "p": 0.9788311668884546
            },
            {
                "x": 1.0,
                "y": 1.0,
                "p": 1.6429088087222107e-25
            }
        ],
        "Versicolor": [
            {
                "x": 0.0,
                "y": 0.0,
                "p": 1.9999091234285036
            },
            {
                "x": 0.0,
                "y": 0.08333333333333333,
                "p": 0.9999091234285037
            },
            {
                "x": 0.0,
                "y": 1.0,
                "p": 0.9879451240088868
            },
            {
                "x": 1.0,
                "y": 1.0,
                "p": 3.133410566887473e-06
            }
        ],
        "Setosa": [
            {
                "x": 0.0,
                "y": 0.0,
                "p": 1.999996866589433
            },
            {
                "x": 0.0,
                "y": 0.1,
                "p": 0.9999968665894331
            },
            {
                "x": 0.0,
                "y": 1.0,
                "p": 0.999445288418465
            },
            {
                "x": 1.0,
                "y": 1.0,
                "p": 1.4607798443199447e-13
            }
        ]
    },
    "oneVsAllAveragePrecision": {
        "Virginica": 1.0,
        "Versicolor": 1.0,
        "Setosa": 1.0
    },
    "oneVsAllPrCurves": {
        "Virginica": {
            "bins": [
                {
                    "x": 1.0,
                    "y": 1.0,
                    "p": 0.9788311668884546
                },
                {
                    "x": 0.8,
                    "y": 1.0,
                    "p": 0.9937260084051844
                },
                {
                    "x": 0.6,
                    "y": 1.0,
                    "p": 0.9956478573642589
                },
                {
                    "x": 0.4,
                    "y": 1.0,
                    "p": 0.9998148823974851
                },
                {
                    "x": 0.2,
                    "y": 1.0,
                    "p": 0.9999906356035002
                }
            ],
            "positiveRate": 0.18518518518518517
        },
        "Versicolor": {
            "bins": [
                {
                    "x": 1.0,
                    "y": 1.0,
                    "p": 0.9879451240088868
                },
                {
                    "x": 0.9166666666666666,
                    "y": 1.0,
                    "p": 0.9919102309144463
                },
                {
                    "x": 0.8333333333333334,
                    "y": 1.0,
                    "p": 0.994334586851463
                },
                {
                    "x": 0.75,
                    "y": 1.0,
                    "p": 0.9962364143208537
                },
                {
                    "x": 0.6666666666666666,
                    "y": 1.0,
                    "p": 0.9969114198355629
                },
                {
                    "x": 0.5833333333333334,
                    "y": 1.0,
                    "p": 0.9974359994016176
                },
                {
                    "x": 0.5,
                    "y": 1.0,
                    "p": 0.9979566934775659
                },
                {
                    "x": 0.4166666666666667,
                    "y": 1.0,
                    "p": 0.9990950767081388
                },
                {
                    "x": 0.3333333333333333,
                    "y": 1.0,
                    "p": 0.9997384543944428
                },
                {
                    "x": 0.25,
                    "y": 1.0,
                    "p": 0.9998584031368503
                },
                {
                    "x": 0.16666666666666666,
                    "y": 1.0,
                    "p": 0.9998592753643304
                },
                {
                    "x": 0.08333333333333333,
                    "y": 1.0,
                    "p": 0.9999091234285037
                }
            ],
            "positiveRate": 0.4444444444444444
        },
        "Setosa": {
            "bins": [
                {
                    "x": 1.0,
                    "y": 1.0,
                    "p": 0.999445288418465
                },
                {
                    "x": 0.9,
                    "y": 1.0,
                    "p": 0.9995330812276825
                },
                {
                    "x": 0.8,
                    "y": 1.0,
                    "p": 0.9996613509006106
                },
                {
                    "x": 0.7,
                    "y": 1.0,
                    "p": 0.9997541093668918
                },
                {
                    "x": 0.6,
                    "y": 1.0,
                    "p": 0.9997919451408227
                },
                {
                    "x": 0.5,
                    "y": 1.0,
                    "p": 0.999828358369653
                },
                {
                    "x": 0.4,
                    "y": 1.0,
                    "p": 0.99987544608339
                },
                {
                    "x": 0.3,
                    "y": 1.0,
                    "p": 0.9998796175154432
                },
                {
                    "x": 0.2,
                    "y": 1.0,
                    "p": 0.99996463362612
                },
                {
                    "x": 0.1,
                    "y": 1.0,
                    "p": 0.9999968665894331
                }
            ],
            "positiveRate": 0.37037037037037035
        }
    },
    "densityData": {
        "Virginica": {
            "actualIsThisClass": [
                0.0,
                0.0,
                0.0,
                0.0,
                0.0,
                0.0,
                0.0,
                0.0,
                0.0,
                0.0,
                0.0,
                0.0,
                0.0,
                0.0,
                0.0,
                0.0,
                0.0,
                0.0,
                0.0,
                0.0,
                0.0,
                0.0,
                0.0,
                0.0,
                0.0,
                0.0,
                0.0,
                0.0,
                0.0,
                0.0,
                0.0,
                0.0,
                0.0,
                0.0,
                0.0,
                0.0,
                0.0,
                0.0,
                0.0,
                0.0,
                0.0,
                0.0,
                0.0,
                0.0,
                0.0,
                0.0,
                0.0,
                0.0,
                0.0,
                0.0,
                0.0,
                0.0,
                0.0,
                0.0,
                0.0,
                0.0,
                0.0,
                0.0,
                0.0,
                0.0,
                0.0,
                0.0,
                0.0,
                0.0,
                0.0,
                0.0,
                0.0,
                0.0,
                0.0,
                0.0,
                0.0,
                0.0,
                0.0,
                0.0,
                0.0,
                5.489286912433019e-298,
                2.302482933317457e-271,
                5.509034595683526e-246,
                7.51888029522432e-222,
                5.853686137675197e-199,
                2.5995865778549805e-177,
                6.58533284015281e-157,
                9.515897723882269e-138,
                7.843689477133961e-120,
                3.687988937537519e-103,
                9.89139211090304e-88,
                1.513295769937557e-73,
                1.3206532637081773e-60,
                6.5743434896811804e-49,
                1.866872094207105e-38,
                3.0239550281711894e-29,
                2.7940532793642115e-21,
                1.4726265621841575e-14,
                4.427404157152634e-09,
                7.592842557174132e-05,
                0.07427885090630935,
                4.150031001478113,
                14.557235325231185,
                28.25033310655384,
                44.69477762018194
            ],
            "actualIsNotThisClass": [
                176.79215558896036,
                12.965991669756077,
                3.64163669520405e-05,
                1.773572974626576e-25,
                8.394959061366146e-61,
                3.861918952535313e-111,
                1.7266439072807325e-176,
                7.502697874463371e-257,
                0.0,
                0.0,
                0.0,
                0.0,
                0.0,
                0.0,
                0.0,
                0.0,
                0.0,
                0.0,
                0.0,
                0.0,
                0.0,
                0.0,
                0.0,
                0.0,
                0.0,
                0.0,
                0.0,
                0.0,
                0.0,
                0.0,
                0.0,
                0.0,
                0.0,
                0.0,
                0.0,
                0.0,
                0.0,
                0.0,
                0.0,
                0.0,
                0.0,
                0.0,
                0.0,
                0.0,
                0.0,
                0.0,
                0.0,
                0.0,
                0.0,
                0.0,
                0.0,
                0.0,
                0.0,
                0.0,
                0.0,
                0.0,
                0.0,
                0.0,
                0.0,
                0.0,
                0.0,
                0.0,
                0.0,
                0.0,
                0.0,
                0.0,
                0.0,
                0.0,
                0.0,
                0.0,
                0.0,
                0.0,
                0.0,
                0.0,
                0.0,
                0.0,
                0.0,
                0.0,
                0.0,
                0.0,
                0.0,
                0.0,
                0.0,
                0.0,
                0.0,
                0.0,
                0.0,
                0.0,
                0.0,
                0.0,
                0.0,
                0.0,
                0.0,
                0.0,
                0.0,
                0.0,
                0.0,
                0.0,
                0.0,
                0.0
            ],
            "actualIsThisClassMedian": 0.9956478573642589,
            "actualIsNotThisClassMedian": 3.9312888796819135e-05
        },
        "Versicolor": {
            "actualIsThisClass": [
                0.0,
                0.0,
                0.0,
                0.0,
                0.0,
                0.0,
                0.0,
                0.0,
                0.0,
                0.0,
                0.0,
                0.0,
                0.0,
                0.0,
                0.0,
                0.0,
                0.0,
                0.0,
                0.0,
                0.0,
                0.0,
                0.0,
                0.0,
                0.0,
                0.0,
                0.0,
                0.0,
                0.0,
                0.0,
                0.0,
                0.0,
                0.0,
                0.0,
                0.0,
                0.0,
                0.0,
                0.0,
                0.0,
                0.0,
                0.0,
                0.0,
                0.0,
                0.0,
                0.0,
                0.0,
                0.0,
                0.0,
                0.0,
                0.0,
                0.0,
                0.0,
                0.0,
                0.0,
                0.0,
                0.0,
                0.0,
                0.0,
                0.0,
                0.0,
                0.0,
                0.0,
                0.0,
                0.0,
                0.0,
                0.0,
                0.0,
                0.0,
                0.0,
                0.0,
                0.0,
                0.0,
                0.0,
                0.0,
                0.0,
                0.0,
                0.0,
                0.0,
                0.0,
                0.0,
                0.0,
                0.0,
                0.0,
                0.0,
                0.0,
                0.0,
                0.0,
                0.0,
                0.0,
                0.0,
                5e-324,
                1.1611640734518107e-254,
                1.7100445010645693e-193,
                1.070185181987541e-140,
                2.8460868800830357e-96,
                3.216437169040981e-60,
                1.5446841491263988e-32,
                3.1524058187014394e-13,
                0.02735283486298875,
                22.76221520864214,
                98.90984747340633
            ],
            "actualIsNotThisClass": [
                101.15283363973401,
                6.992664147698492,
                7.72585434160547,
                0.17420723438101088,
                3.317982844563527e-07,
                5.3370970797193455e-17,
                7.2503518879700945e-31,
                8.318328821332781e-49,
                8.060019619990266e-71,
                6.595673216035915e-97,
                4.5583238615423665e-127,
                2.6605672549112623e-161,
                1.3114940412876034e-199,
                5.459858884082783e-242,
                1.9196388496424362e-288,
                0.0,
                0.0,
                0.0,
                0.0,
                0.0,
                0.0,
                0.0,
                0.0,
                0.0,
                0.0,
                0.0,
                0.0,
                0.0,
                0.0,
                0.0,
                0.0,
                0.0,
                0.0,
                0.0,
                0.0,
                0.0,
                0.0,
                0.0,
                0.0,
                0.0,
                0.0,
                0.0,
                0.0,
                0.0,
                0.0,
                0.0,
                0.0,
                0.0,
                0.0,
                0.0,
                0.0,
                0.0,
                0.0,
                0.0,
                0.0,
                0.0,
                0.0,
                0.0,
                0.0,
                0.0,
                0.0,
                0.0,
                0.0,
                0.0,
                0.0,
                0.0,
                0.0,
                0.0,
                0.0,
                0.0,
                0.0,
                0.0,
                0.0,
                0.0,
                0.0,
                0.0,
                0.0,
                0.0,
                0.0,
                0.0,
                0.0,
                0.0,
                0.0,
                0.0,
                0.0,
                0.0,
                0.0,
                0.0,
                0.0,
                0.0,
                0.0,
                0.0,
                0.0,
                0.0,
                0.0,
                0.0,
                0.0,
                0.0,
                0.0,
                0.0
            ],
            "actualIsThisClassMedian": 0.9976963464395918,
            "actualIsNotThisClassMedian": 0.0002080548591772753
        },
        "Setosa": {
            "actualIsThisClass": [
                0.0,
                0.0,
                0.0,
                0.0,
                0.0,
                0.0,
                0.0,
                0.0,
                0.0,
                0.0,
                0.0,
                0.0,
                0.0,
                0.0,
                0.0,
                0.0,
                0.0,
                0.0,
                0.0,
                0.0,
                0.0,
                0.0,
                0.0,
                0.0,
                0.0,
                0.0,
                0.0,
                0.0,
                0.0,
                0.0,
                0.0,
                0.0,
                0.0,
                0.0,
                0.0,
                0.0,
                0.0,
                0.0,
                0.0,
                0.0,
                0.0,
                0.0,
                0.0,
                0.0,
                0.0,
                0.0,
                0.0,
                0.0,
                0.0,
                0.0,
                0.0,
                0.0,
                0.0,
                0.0,
                0.0,
                0.0,
                0.0,
                0.0,
                0.0,
                0.0,
                0.0,
                0.0,
                0.0,
                0.0,
                0.0,
                0.0,
                0.0,
                0.0,
                0.0,
                0.0,
                0.0,
                0.0,
                0.0,
                0.0,
                0.0,
                0.0,
                0.0,
                0.0,
                0.0,
                0.0,
                0.0,
                0.0,
                0.0,
                0.0,
                0.0,
                0.0,
                0.0,
                0.0,
                0.0,
                0.0,
                0.0,
                0.0,
                0.0,
                0.0,
                0.0,
                0.0,
                0.0,
                0.0,
                0.0,
                1293.8555862312012
            ],
            "actualIsNotThisClass": [
                1153.2245399847004,
                2.677378681744689e-172,
                0.0,
                0.0,
                0.0,
                0.0,
                0.0,
                0.0,
                0.0,
                0.0,
                0.0,
                0.0,
                0.0,
                0.0,
                0.0,
                0.0,
                0.0,
                0.0,
                0.0,
                0.0,
                0.0,
                0.0,
                0.0,
                0.0,
                0.0,
                0.0,
                0.0,
                0.0,
                0.0,
                0.0,
                0.0,
                0.0,
                0.0,
                0.0,
                0.0,
                0.0,
                0.0,
                0.0,
                0.0,
                0.0,
                0.0,
                0.0,
                0.0,
                0.0,
                0.0,
                0.0,
                0.0,
                0.0,
                0.0,
                0.0,
                0.0,
                0.0,
                0.0,
                0.0,
                0.0,
                0.0,
                0.0,
                0.0,
                0.0,
                0.0,
                0.0,
                0.0,
                0.0,
                0.0,
                0.0,
                0.0,
                0.0,
                0.0,
                0.0,
                0.0,
                0.0,
                0.0,
                0.0,
                0.0,
                0.0,
                0.0,
                0.0,
                0.0,
                0.0,
                0.0,
                0.0,
                0.0,
                0.0,
                0.0,
                0.0,
                0.0,
                0.0,
                0.0,
                0.0,
                0.0,
                0.0,
                0.0,
                0.0,
                0.0,
                0.0,
                0.0,
                0.0,
                0.0,
                0.0,
                0.0
            ],
            "actualIsThisClassMedian": 0.9998101517552378,
            "actualIsNotThisClassMedian": 5.850629824335508e-06
        }
    },
    "globalMetrics": {
        "testWeight": 27,
        "targetAvg": [
            0.18518518518518517,
            0.4444444444444444,
            0.37037037037037035
        ],
        "targetStd": [
            0.39584739066356966,
            0.5063696835418333,
            0.49210287762341137
        ],
        "predictionAvg": [
            0.18531054340990225,
            0.4442759073671798,
            0.370413549222918
        ],
        "predictionStd": [
            0.38536195113546845,
            0.4941838728433418,
            0.4826968775183824
        ]
    }
}