{
  "state": "DONE",
  "preSearchDescription": {
    "gridLength": 5,
    "searchStrategy": "GRID",
    "importantParams": [
      {
        "name": "penalty",
        "vals": [
          "l2"
        ]
      },
      {
        "name": "C",
        "vals": [
          "0.01",
          "0.1",
          "1.0",
          "10.0",
          "100.0"
        ]
      }
    ]
  },
  "postSearchDescription": {
    "importantParams": [
      {
        "name": "C",
        "val": "100.0"
      },
      {
        "name": "penalty",
        "val": "l2"
      }
    ]
  },
  "resumed": false,
  "timeOrderingEnabled": false,
  "sampleWeightsEnabled": false,
  "modelId": "m1",
  "progress": {
    "top_level_todo": [],
    "stack": [],
    "top_level_done": [
      {
        "name": "Loading train set",
        "time": 7
      },
      {
        "name": "Loading test set",
        "time": 4
      },
      {
        "name": "Collecting statistics",
        "time": 8
      },
      {
        "name": "Preprocessing train set",
        "time": 16
      },
      {
        "name": "Preprocessing test set",
        "time": 15
      },
      {
        "name": "Hyperparameter searching",
        "time": 1029
      },
      {
        "name": "Fitting model",
        "time": 20
      },
      {
        "name": "Saving model",
        "time": 5
      },
      {
        "name": "Scoring model",
        "time": 65
      },
      {
        "name": "Preparing explainability",
        "time": 376
      }
    ]
  },
  "startTime": 1691174694625,
  "endTime": 1691174696172,
  "preprocessingTime": 52,
  "trainingTime": 1495,
  "hyperparamsSearchTime": 1029,
  "pythonVersion": "3.9.16"
}